Date,C4Super,C4Medium,Bulog
2021-01-04,11750.0,10667.0,9083.0
2021-01-05,11750.0,10667.0,9083.0
2021-01-06,11750.0,10667.0,9083.0
2021-01-07,11750.0,10667.0,9083.0
2021-01-08,11750.0,10667.0,9083.0
2021-01-09,11750.0,10667.0,9083.0
2021-01-10,11750.0,10667.0,9083.0
2021-01-11,11750.0,10667.0,9083.0
2021-01-12,11750.0,10667.0,9083.0
2021-01-13,11750.0,10667.0,9083.0
2021-01-14,11750.0,10667.0,9083.0
2021-01-15,11750.0,10667.0,9083.0
2021-01-16,11750.0,10667.0,9083.0
2021-01-17,11750.0,10667.0,9083.0
2021-01-18,11750.0,10667.0,9083.0
2021-01-19,11750.0,10667.0,9083.0
2021-01-20,11750.0,10667.0,9083.0
2021-01-21,11750.0,10667.0,9083.0
2021-01-22,11750.0,10667.0,9083.0
2021-01-23,11750.0,10667.0,9083.0
2021-01-24,11750.0,10667.0,9083.0
2021-01-25,11750.0,10667.0,9083.0
2021-01-26,11750.0,10667.0,9083.0
2021-01-27,11750.0,10667.0,9083.0
2021-01-28,11750.0,10667.0,9083.0
2021-01-29,11750.0,10667.0,9083.0
2021-01-30,11750.0,10667.0,9083.0
2021-01-31,11750.0,10667.0,9083.0
2021-02-01,11750.0,10667.0,9083.0
2021-02-02,11750.0,10667.0,9083.0
2021-02-03,11750.0,10667.0,9083.0
2021-02-04,11750.0,10667.0,9083.0
2021-02-05,11750.0,10667.0,9083.0
2021-02-06,11750.0,10611.333333333334,9083.0
2021-02-07,11750.0,10555.666666666666,9083.0
2021-02-08,11750.0,10500.0,9083.0
2021-02-09,11750.0,10500.0,9083.0
2021-02-10,11750.0,10500.0,9083.0
2021-02-11,11750.0,10500.0,9083.0
2021-02-12,11750.0,10500.0,9083.0
2021-02-13,11750.0,10500.0,9083.0
2021-02-14,11750.0,10500.0,9083.0
2021-02-15,11750.0,10500.0,9083.0
2021-02-16,11750.0,10500.0,9083.0
2021-02-17,11750.0,10500.0,9083.0
2021-02-18,11750.0,10500.0,9083.0
2021-02-19,11750.0,10500.0,9083.0
2021-02-20,11750.0,10500.0,9083.0
2021-02-21,11750.0,10500.0,9083.0
2021-02-22,11750.0,10500.0,9083.0
2021-02-23,11750.0,10500.0,9083.0
2021-02-24,11750.0,10500.0,9083.0
2021-02-25,11750.0,10500.0,9083.0
2021-02-26,11750.0,10500.0,9083.0
2021-02-27,11750.0,10500.0,9083.0
2021-02-28,11750.0,10500.0,9083.0
2021-03-01,11750.0,10500.0,9083.0
2021-03-02,11750.0,10667.0,9083.0
2021-03-03,11583.0,10583.0,9083.0
2021-03-04,11583.0,10583.0,9083.0
2021-03-05,11583.0,10583.0,9083.0
2021-03-06,11638.666666666666,10499.666666666666,9083.0
2021-03-07,11694.333333333334,10416.333333333334,9083.0
2021-03-08,11750.0,10333.0,9083.0
2021-03-09,11750.0,10500.0,9083.0
2021-03-10,11750.0,10500.0,9083.0
2021-03-11,11750.0,10500.0,9083.0
2021-03-12,11750.0,10500.0,9083.0
2021-03-13,11750.0,10444.333333333334,9083.0
2021-03-14,11750.0,10388.666666666666,9083.0
2021-03-15,11750.0,10333.0,9083.0
2021-03-16,11750.0,10333.0,9083.0
2021-03-17,11750.0,10333.0,9083.0
2021-03-18,11750.0,10333.0,9083.0
2021-03-19,11750.0,10333.0,9083.0
2021-03-20,11750.0,10333.0,9083.0
2021-03-21,11750.0,10333.0,9083.0
2021-03-22,11750.0,10333.0,9083.0
2021-03-23,11750.0,10417.0,9083.0
2021-03-24,11750.0,10417.0,9083.0
2021-03-25,11750.0,10417.0,9083.0
2021-03-26,11750.0,10417.0,9083.0
2021-03-27,11750.0,10417.0,9111.0
2021-03-28,11750.0,10417.0,9139.0
2021-03-29,11750.0,10417.0,9167.0
2021-03-30,11500.0,10250.0,9167.0
2021-03-31,11500.0,10250.0,9167.0
2021-04-01,11667.0,10417.0,9167.0
2021-04-02,11667.0,10417.0,9167.0
2021-04-03,11694.666666666666,10417.0,9139.0
2021-04-04,11722.333333333334,10417.0,9111.0
2021-04-05,11750.0,10417.0,9083.0
2021-04-06,11667.0,10250.0,8917.0
2021-04-07,11667.0,10250.0,9000.0
2021-04-08,11833.0,10417.0,9000.0
2021-04-09,11833.0,10417.0,9000.0
2021-04-10,11888.666666666666,10611.333333333334,9055.666666666666
2021-04-11,11944.333333333334,10805.666666666666,9111.333333333334
2021-04-12,12000.0,11000.0,9167.0
2021-04-13,12000.0,11000.0,9167.0
2021-04-14,12000.0,11000.0,9167.0
2021-04-15,12000.0,11000.0,9167.0
2021-04-16,12000.0,11000.0,9167.0
2021-04-17,11972.333333333334,10861.0,9167.0
2021-04-18,11944.666666666666,10722.0,9167.0
2021-04-19,11917.0,10583.0,9167.0
2021-04-20,11917.0,10583.0,9167.0
2021-04-21,11833.0,10583.0,9167.0
2021-04-22,11833.0,10583.0,9167.0
2021-04-23,11833.0,10583.0,9167.0
2021-04-24,11833.0,10583.0,9167.0
2021-04-25,11833.0,10583.0,9167.0
2021-04-26,11833.0,10583.0,9167.0
2021-04-27,11833.0,10583.0,9167.0
2021-04-28,11833.0,10583.0,9167.0
2021-04-29,11833.0,10583.0,9167.0
2021-04-30,11833.0,10583.0,9167.0
2021-05-01,11833.0,10583.0,9167.0
2021-05-02,11833.0,10583.0,9167.0
2021-05-03,11833.0,10583.0,9167.0
2021-05-04,11867.0,10583.0,9167.0
2021-05-05,11867.0,10583.0,9167.0
2021-05-06,11867.0,10583.0,9167.0
2021-05-07,11867.0,10583.0,9167.0
2021-05-08,11867.0,10583.0,9167.0
2021-05-09,11867.0,10583.0,9167.0
2021-05-10,11867.0,10583.0,9167.0
2021-05-11,11867.0,10583.0,9167.0
2021-05-12,11867.0,10583.0,9167.0
2021-05-13,11867.0,10583.0,9167.0
2021-05-14,11867.0,10583.0,9167.0
2021-05-15,11855.666666666666,10611.0,9167.0
2021-05-16,11844.333333333334,10639.0,9167.0
2021-05-17,11833.0,10667.0,9167.0
2021-05-18,11833.0,10667.0,9167.0
2021-05-19,11833.0,10667.0,9167.0
2021-05-20,11833.0,10667.0,9167.0
2021-05-21,11833.0,10667.0,9167.0
2021-05-22,11833.0,10667.0,9167.0
2021-05-23,11833.0,10667.0,9167.0
2021-05-24,11833.0,10667.0,9167.0
2021-05-25,11833.0,10667.0,9167.0
2021-05-26,11833.0,10667.0,9167.0
2021-05-27,11833.0,10667.0,9167.0
2021-05-28,11833.0,10667.0,9167.0
2021-05-29,11833.0,10667.0,9167.0
2021-05-30,11833.0,10667.0,9167.0
2021-05-31,11833.0,10667.0,9167.0
2021-06-01,11833.0,10667.0,9167.0
2021-06-02,11833.0,10667.0,9167.0
2021-06-03,11833.0,10667.0,9167.0
2021-06-04,11833.0,10667.0,9167.0
2021-06-05,11833.0,10667.0,9167.0
2021-06-06,11833.0,10667.0,9167.0
2021-06-07,11833.0,10667.0,9167.0
2021-06-08,12167.0,10833.0,9167.0
2021-06-09,12500.0,11000.0,9167.0
2021-06-10,12500.0,11000.0,9167.0
2021-06-11,12500.0,11000.0,9167.0
2021-06-12,12389.0,10944.333333333334,9167.0
2021-06-13,12278.0,10888.666666666666,9167.0
2021-06-14,12167.0,10833.0,9167.0
2021-06-15,12167.0,10833.0,9167.0
2021-06-16,12167.0,10833.0,9167.0
2021-06-17,12167.0,10833.0,9167.0
2021-06-18,12167.0,10833.0,9167.0
2021-06-19,12167.0,10833.0,9167.0
2021-06-20,12167.0,10833.0,9167.0
2021-06-21,12167.0,10833.0,9167.0
2021-06-22,12167.0,10833.0,9167.0
2021-06-23,12167.0,10833.0,9167.0
2021-06-24,12167.0,10833.0,9167.0
2021-06-25,12167.0,10833.0,9167.0
2021-06-26,12167.0,10833.0,9167.0
2021-06-27,12167.0,10833.0,9167.0
2021-06-28,12167.0,10833.0,9167.0
2021-06-29,12167.0,10833.0,9167.0
2021-06-30,12167.0,10833.0,9167.0
2021-07-01,12167.0,10833.0,9167.0
2021-07-02,12167.0,10833.0,9167.0
2021-07-03,12167.0,10833.0,9167.0
2021-07-04,12167.0,10833.0,9167.0
2021-07-05,12167.0,10833.0,9167.0
2021-07-06,12167.0,10833.0,9167.0
2021-07-07,12167.0,10833.0,9167.0
2021-07-08,12167.0,10833.0,9167.0
2021-07-09,12167.0,10833.0,9167.0
2021-07-10,12167.0,10833.0,9167.0
2021-07-11,12167.0,10833.0,9167.0
2021-07-12,12167.0,10833.0,9167.0
2021-07-13,12167.0,10833.0,9167.0
2021-07-14,12083.0,10750.0,9242.0
2021-07-15,12083.0,10750.0,9242.0
2021-07-16,12083.0,10750.0,9242.0
2021-07-17,12083.0,10750.0,9242.0
2021-07-18,12083.0,10750.0,9242.0
2021-07-19,12083.0,10750.0,9242.0
2021-07-20,12083.0,10750.0,9242.0
2021-07-21,12083.0,10750.0,9242.0
2021-07-22,12083.0,10750.0,9242.0
2021-07-23,12083.0,10750.0,9242.0
2021-07-24,12083.0,10750.0,9242.0
2021-07-25,12083.0,10750.0,9242.0
2021-07-26,12083.0,10750.0,9242.0
2021-07-27,12083.0,10750.0,9242.0
2021-07-28,12083.0,10750.0,9242.0
2021-07-29,12083.0,10750.0,9242.0
2021-07-30,12083.0,10750.0,9242.0
2021-07-31,11944.333333333334,10639.0,9261.333333333334
2021-08-01,11805.666666666666,10528.0,9280.666666666666
2021-08-02,11667.0,10417.0,9300.0
2021-08-03,11667.0,10417.0,9300.0
2021-08-04,11667.0,10417.0,9300.0
2021-08-05,11667.0,10417.0,9300.0
2021-08-06,11667.0,10417.0,9300.0
2021-08-07,11667.0,10417.0,9300.0
2021-08-08,11667.0,10417.0,9300.0
2021-08-09,11667.0,10417.0,9300.0
2021-08-10,11667.0,10417.0,9300.0
2021-08-11,11667.0,10417.0,9300.0
2021-08-12,11667.0,10417.0,9300.0
2021-08-13,11667.0,10417.0,9300.0
2021-08-14,11694.666666666666,10444.666666666666,9294.333333333334
2021-08-15,11722.333333333334,10472.333333333334,9288.666666666666
2021-08-16,11750.0,10500.0,9283.0
2021-08-17,11750.0,10500.0,9283.0
2021-08-18,11750.0,10500.0,9283.0
2021-08-19,11750.0,10500.0,9283.0
2021-08-20,11750.0,10500.0,9283.0
2021-08-21,11750.0,10500.0,9283.0
2021-08-22,11750.0,10500.0,9283.0
2021-08-23,11750.0,10500.0,9283.0
2021-08-24,11750.0,10500.0,9350.0
2021-08-25,11750.0,10500.0,9350.0
2021-08-26,11750.0,10500.0,9350.0
2021-08-27,11750.0,10500.0,9350.0
2021-08-28,11750.0,10500.0,9350.0
2021-08-29,11750.0,10500.0,9350.0
2021-08-30,11750.0,10500.0,9350.0
2021-08-31,11750.0,10500.0,9350.0
2021-09-01,11750.0,10500.0,9350.0
2021-09-02,11750.0,10500.0,9350.0
2021-09-03,11750.0,10500.0,9350.0
2021-09-04,11750.0,10500.0,9327.666666666666
2021-09-05,11750.0,10500.0,9305.333333333334
2021-09-06,11750.0,10500.0,9283.0
2021-09-07,11750.0,10500.0,9283.0
2021-09-08,11750.0,10500.0,9283.0
2021-09-09,11750.0,10500.0,9283.0
2021-09-10,11750.0,10500.0,9283.0
2021-09-11,11750.0,10500.0,9283.0
2021-09-12,11750.0,10500.0,9283.0
2021-09-13,11750.0,10500.0,9283.0
2021-09-14,11750.0,10500.0,9283.0
2021-09-15,11750.0,10500.0,9283.0
2021-09-16,11750.0,10500.0,9283.0
2021-09-17,11750.0,10500.0,9283.0
2021-09-18,11750.0,10500.0,9283.0
2021-09-19,11750.0,10500.0,9283.0
2021-09-20,11750.0,10500.0,9283.0
2021-09-21,11750.0,10500.0,9350.0
2021-09-22,11750.0,10500.0,9350.0
2021-09-23,11750.0,10500.0,9350.0
2021-09-24,11750.0,10500.0,9350.0
2021-09-25,11750.0,10500.0,9327.666666666666
2021-09-26,11750.0,10500.0,9305.333333333334
2021-09-27,11750.0,10500.0,9283.0
2021-09-28,11750.0,10500.0,9283.0
2021-09-29,11750.0,10500.0,9283.0
2021-09-30,11750.0,10500.0,9283.0
2021-10-01,11750.0,10500.0,9350.0
2021-10-02,11750.0,10500.0,9327.666666666666
2021-10-03,11750.0,10500.0,9305.333333333334
2021-10-04,11750.0,10500.0,9283.0
2021-10-05,11750.0,10500.0,9283.0
2021-10-06,11750.0,10500.0,9283.0
2021-10-07,11750.0,10500.0,9283.0
2021-10-08,11750.0,10500.0,9283.0
2021-10-09,11750.0,10500.0,9283.0
2021-10-10,11750.0,10500.0,9283.0
2021-10-11,11750.0,10500.0,9283.0
2021-10-12,11750.0,10500.0,9283.0
2021-10-13,11750.0,10500.0,9283.0
2021-10-14,11750.0,10500.0,9283.0
2021-10-15,11750.0,10500.0,9283.0
2021-10-16,11750.0,10500.0,9283.0
2021-10-17,11750.0,10500.0,9283.0
2021-10-18,11750.0,10500.0,9283.0
2021-10-19,11750.0,10500.0,9283.0
2021-10-20,11750.0,10500.0,9283.0
2021-10-21,11750.0,10500.0,9283.0
2021-10-22,11750.0,10500.0,9283.0
2021-10-23,11750.0,10500.0,9283.0
2021-10-24,11750.0,10500.0,9283.0
2021-10-25,11750.0,10500.0,9283.0
2021-10-26,11750.0,10500.0,9283.0
2021-10-27,11750.0,10500.0,9283.0
2021-10-28,11750.0,10500.0,9283.0
2021-10-29,11750.0,10667.0,9283.0
2021-10-30,11708.333333333334,10528.0,9297.0
2021-10-31,11666.666666666666,10389.0,9311.0
2021-11-01,11625.0,10250.0,9325.0
2021-11-02,11625.0,10250.0,9325.0
2021-11-03,11625.0,10250.0,9325.0
2021-11-04,11625.0,10250.0,9325.0
2021-11-05,11625.0,10250.0,9325.0
2021-11-06,11666.666666666666,10333.333333333334,9311.0
2021-11-07,11708.333333333334,10416.666666666666,9297.0
2021-11-08,11750.0,10500.0,9283.0
2021-11-09,11750.0,10500.0,9283.0
2021-11-10,11750.0,10500.0,9283.0
2021-11-11,11750.0,10500.0,9283.0
2021-11-12,11750.0,10500.0,9283.0
2021-11-13,11708.333333333334,10416.666666666666,9297.0
2021-11-14,11666.666666666666,10333.333333333334,9311.0
2021-11-15,11625.0,10250.0,9325.0
2021-11-16,11625.0,10250.0,9325.0
2021-11-17,11625.0,10250.0,9425.0
2021-11-18,11625.0,10250.0,9425.0
2021-11-19,11625.0,10250.0,9425.0
2021-11-20,11666.666666666666,10333.333333333334,9355.666666666666
2021-11-21,11708.333333333334,10416.666666666666,9286.333333333334
2021-11-22,11750.0,10500.0,9217.0
2021-11-23,11750.0,10500.0,9217.0
2021-11-24,11750.0,10500.0,9217.0
2021-11-25,11750.0,10500.0,9217.0
2021-11-26,11750.0,10500.0,9217.0
2021-11-27,11750.0,10500.0,9217.0
2021-11-28,11750.0,10500.0,9217.0
2021-11-29,11750.0,10500.0,9217.0
2021-11-30,11583.0,10333.0,9383.0
2021-12-01,11583.0,10333.0,9383.0
2021-12-02,11583.0,10417.0,9383.0
2021-12-03,11583.0,10417.0,9383.0
2021-12-04,11638.666666666666,10444.666666666666,9383.0
2021-12-05,11694.333333333334,10472.333333333334,9383.0
2021-12-06,11750.0,10500.0,9383.0
2021-12-07,11667.0,10333.0,9383.0
2021-12-08,11667.0,10333.0,9383.0
2021-12-09,11667.0,10333.0,9383.0
2021-12-10,11667.0,10333.0,9383.0
2021-12-11,11694.666666666666,10388.666666666666,9383.0
2021-12-12,11722.333333333334,10444.333333333334,9383.0
2021-12-13,11750.0,10500.0,9383.0
2021-12-14,11750.0,10333.0,9383.0
2021-12-15,11667.0,10333.0,9383.0
2021-12-16,11667.0,10333.0,9383.0
2021-12-17,11667.0,10333.0,9383.0
2021-12-18,11694.666666666666,10388.666666666666,9383.0
2021-12-19,11722.333333333334,10444.333333333334,9383.0
2021-12-20,11750.0,10500.0,9383.0
2021-12-21,11750.0,10500.0,9383.0
2021-12-22,11750.0,10333.0,9383.0
2021-12-23,11750.0,10333.0,9383.0
2021-12-24,11750.0,10333.0,9383.0
2021-12-25,11750.0,10388.666666666666,9383.0
2021-12-26,11750.0,10444.333333333334,9383.0
2021-12-27,11750.0,10500.0,9383.0
2021-12-28,11750.0,10333.0,9383.0
2021-12-29,11833.0,10333.0,9383.0
2021-12-30,11833.0,10333.0,9383.0
2021-12-31,11750.0,10333.0,9383.0
2022-01-01,11750.0,10361.0,9383.0
2022-01-02,11750.0,10389.0,9383.0
2022-01-03,11750.0,10417.0,9383.0
2022-01-04,11750.0,10417.0,9383.0
2022-01-05,11750.0,10417.0,9383.0
2022-01-06,11750.0,10417.0,9383.0
2022-01-07,11750.0,10417.0,9383.0
2022-01-08,11750.0,10444.666666666666,9383.0
2022-01-09,11750.0,10472.333333333334,9383.0
2022-01-10,11750.0,10500.0,9383.0
2022-01-11,11833.0,10750.0,9383.0
2022-01-12,11833.0,10750.0,9450.0
2022-01-13,11833.0,10750.0,9450.0
2022-01-14,11917.0,10750.0,9450.0
2022-01-15,11917.0,10750.0,9450.0
2022-01-16,11917.0,10750.0,9450.0
2022-01-17,11917.0,10750.0,9450.0
2022-01-18,11917.0,10750.0,9450.0
2022-01-19,11917.0,10750.0,9450.0
2022-01-20,11917.0,10750.0,9450.0
2022-01-21,11917.0,10750.0,9450.0
2022-01-22,11917.0,10750.0,9450.0
2022-01-23,11917.0,10750.0,9450.0
2022-01-24,11917.0,10750.0,9450.0
2022-01-25,11917.0,10750.0,9450.0
2022-01-26,11917.0,10750.0,9450.0
2022-01-27,11917.0,10750.0,9450.0
2022-01-28,11917.0,10750.0,9450.0
2022-01-29,11917.0,10750.0,9452.666666666666
2022-01-30,11917.0,10750.0,9455.333333333334
2022-01-31,11917.0,10750.0,9458.0
2022-02-01,11917.0,10750.0,9458.0
2022-02-02,11917.0,10750.0,9458.0
2022-02-03,11917.0,10750.0,9458.0
2022-02-04,11917.0,10750.0,9458.0
2022-02-05,11917.0,10750.0,9458.0
2022-02-06,11917.0,10750.0,9458.0
2022-02-07,11917.0,10750.0,9458.0
2022-02-08,11917.0,10667.0,9450.0
2022-02-09,11917.0,10667.0,9450.0
2022-02-10,11917.0,10667.0,9450.0
2022-02-11,11917.0,10667.0,9450.0
2022-02-12,11917.0,10694.666666666666,9452.666666666666
2022-02-13,11917.0,10722.333333333334,9455.333333333334
2022-02-14,11917.0,10750.0,9458.0
2022-02-15,11917.0,10667.0,9450.0
2022-02-16,11917.0,10667.0,9450.0
2022-02-17,11917.0,10667.0,9450.0
2022-02-18,11917.0,10667.0,9450.0
2022-02-19,11917.0,10694.666666666666,9450.0
2022-02-20,11917.0,10722.333333333334,9450.0
2022-02-21,11917.0,10750.0,9450.0
2022-02-22,11833.0,10667.0,9450.0
2022-02-23,11833.0,10667.0,9450.0
2022-02-24,11833.0,10667.0,9450.0
2022-02-25,11833.0,10667.0,9450.0
2022-02-26,11833.0,10667.0,9452.666666666666
2022-02-27,11833.0,10667.0,9455.333333333334
2022-02-28,11833.0,10667.0,9458.0
2022-03-01,11833.0,10667.0,9458.0
2022-03-02,11833.0,10667.0,9458.0
2022-03-03,11833.0,10667.0,9458.0
2022-03-04,11833.0,10667.0,9458.0
2022-03-05,11833.0,10667.0,9458.0
2022-03-06,11833.0,10667.0,9458.0
2022-03-07,11833.0,10667.0,9458.0
2022-03-08,11833.0,10667.0,9458.0
2022-03-09,11833.0,10667.0,9458.0
2022-03-10,11833.0,10667.0,9458.0
2022-03-11,11833.0,10667.0,9458.0
2022-03-12,11833.0,10667.0,9458.0
2022-03-13,11833.0,10667.0,9458.0
2022-03-14,11833.0,10667.0,9458.0
2022-03-15,11833.0,10667.0,9458.0
2022-03-16,11833.0,10667.0,9458.0
2022-03-17,11833.0,10667.0,9458.0
2022-03-18,11833.0,10667.0,9458.0
2022-03-19,11833.0,10667.0,9458.0
2022-03-20,11833.0,10667.0,9458.0
2022-03-21,11833.0,10667.0,9458.0
2022-03-22,11833.0,10667.0,9458.0
2022-03-23,11833.0,10667.0,9458.0
2022-03-24,11833.0,10667.0,9458.0
2022-03-25,11833.0,10667.0,9458.0
2022-03-26,11833.0,10667.0,9458.0
2022-03-27,11833.0,10667.0,9458.0
2022-03-28,11833.0,10667.0,9458.0
2022-03-29,11833.0,10667.0,9458.0
2022-03-30,11833.0,10667.0,9458.0
2022-03-31,11833.0,10667.0,9358.0
2022-04-01,11833.0,10667.0,9358.0
2022-04-02,11833.0,10667.0,9361.0
2022-04-03,11833.0,10667.0,9364.0
2022-04-04,11833.0,10667.0,9367.0
2022-04-05,11833.0,10667.0,9367.0
2022-04-06,11833.0,10667.0,9367.0
2022-04-07,11833.0,10667.0,9367.0
2022-04-08,11833.0,10667.0,9367.0
2022-04-09,11833.0,10667.0,9367.0
2022-04-10,11833.0,10667.0,9367.0
2022-04-11,11833.0,10667.0,9367.0
2022-04-12,11917.0,10750.0,9533.0
2022-04-13,11917.0,10750.0,9533.0
2022-04-14,11917.0,10750.0,9533.0
2022-04-15,11833.0,10750.0,9617.0
2022-04-16,11833.0,10722.333333333334,9533.666666666666
2022-04-17,11833.0,10694.666666666666,9450.333333333334
2022-04-18,11833.0,10667.0,9367.0
2022-04-19,11833.0,10667.0,9367.0
2022-04-20,11833.0,10667.0,9367.0
2022-04-21,11833.0,10667.0,9367.0
2022-04-22,11833.0,10667.0,9367.0
2022-04-23,11833.0,10667.0,9367.0
2022-04-24,11833.0,10667.0,9367.0
2022-04-25,11833.0,10667.0,9367.0
2022-04-26,11833.0,10667.0,9358.0
2022-04-27,11917.0,10667.0,9358.0
2022-04-28,11917.0,10667.0,9358.0
2022-04-29,11917.0,10667.0,9358.0
2022-04-30,11889.0,10667.0,9361.0
2022-05-01,11861.0,10667.0,9364.0
2022-05-02,11833.0,10667.0,9367.0
2022-05-03,11833.0,10667.0,9358.0
2022-05-04,11917.0,10667.0,9358.0
2022-05-05,11917.0,10667.0,9358.0
2022-05-06,11917.0,10667.0,9358.0
2022-05-07,11889.0,10667.0,9361.0
2022-05-08,11861.0,10667.0,9364.0
2022-05-09,11833.0,10667.0,9367.0
2022-05-10,11833.0,10667.0,9367.0
2022-05-11,11917.0,10667.0,9358.0
2022-05-12,11917.0,10667.0,9358.0
2022-05-13,11917.0,10667.0,9358.0
2022-05-14,11889.0,10667.0,9361.0
2022-05-15,11861.0,10667.0,9364.0
2022-05-16,11833.0,10667.0,9367.0
2022-05-17,11833.0,10667.0,9367.0
2022-05-18,11917.0,10667.0,9358.0
2022-05-19,11917.0,10667.0,9358.0
2022-05-20,11917.0,10667.0,9358.0
2022-05-21,11889.0,10694.666666666666,9358.0
2022-05-22,11861.0,10722.333333333334,9358.0
2022-05-23,11833.0,10750.0,9358.0
2022-05-24,11833.0,10750.0,9358.0
2022-05-25,11833.0,10750.0,9358.0
2022-05-26,11833.0,10750.0,9358.0
2022-05-27,11833.0,10750.0,9358.0
2022-05-28,11861.0,10777.666666666666,9413.666666666666
2022-05-29,11889.0,10805.333333333334,9469.333333333334
2022-05-30,11917.0,10833.0,9525.0
2022-05-31,11917.0,10833.0,9525.0
2022-06-01,11917.0,10833.0,9525.0
2022-06-02,11917.0,10833.0,9525.0
2022-06-03,11917.0,10833.0,9525.0
2022-06-04,11917.0,10833.0,9525.0
2022-06-05,11917.0,10833.0,9525.0
2022-06-06,11917.0,10833.0,9525.0
2022-06-07,12000.0,10833.0,9525.0
2022-06-08,12000.0,10833.0,9525.0
2022-06-09,12000.0,10833.0,9525.0
2022-06-10,12000.0,10833.0,9525.0
2022-06-11,11972.333333333334,10833.0,9525.0
2022-06-12,11944.666666666666,10833.0,9525.0
2022-06-13,11917.0,10833.0,9525.0
2022-06-14,11917.0,10833.0,9525.0
2022-06-15,11917.0,10833.0,9525.0
2022-06-16,11917.0,10833.0,9525.0
2022-06-17,11917.0,10833.0,9525.0
2022-06-18,11944.666666666666,10833.0,9525.0
2022-06-19,11972.333333333334,10833.0,9525.0
2022-06-20,12000.0,10833.0,9525.0
2022-06-21,12000.0,10833.0,9525.0
2022-06-22,12000.0,10833.0,9525.0
2022-06-23,12000.0,10833.0,9525.0
2022-06-24,12000.0,10833.0,9525.0
2022-06-25,12000.0,10833.0,9525.0
2022-06-26,12000.0,10833.0,9525.0
2022-06-27,12000.0,10833.0,9525.0
2022-06-28,12000.0,10833.0,9525.0
2022-06-29,12000.0,10833.0,9525.0
2022-06-30,12000.0,10833.0,9525.0
2022-07-01,12000.0,10833.0,9525.0
2022-07-02,12000.0,10833.0,9525.0
2022-07-03,12000.0,10833.0,9525.0
2022-07-04,12000.0,10833.0,9525.0
2022-07-05,12000.0,10833.0,9525.0
2022-07-06,12000.0,10833.0,9525.0
2022-07-07,12000.0,10833.0,9525.0
2022-07-08,12000.0,10800.0,9525.0
2022-07-09,12000.0,10811.0,9525.0
2022-07-10,12000.0,10822.0,9525.0
2022-07-11,12000.0,10833.0,9525.0
2022-07-12,12000.0,10833.0,9525.0
2022-07-13,12000.0,10833.0,9525.0
2022-07-14,12000.0,10833.0,9525.0
2022-07-15,12000.0,10833.0,9525.0
2022-07-16,12000.0,10833.0,9525.0
2022-07-17,12000.0,10833.0,9525.0
2022-07-18,12000.0,10833.0,9525.0
2022-07-19,12000.0,10833.0,9525.0
2022-07-20,12000.0,10833.0,9525.0
2022-07-21,12000.0,10833.0,9525.0
2022-07-22,12000.0,10833.0,9525.0
2022-07-23,12000.0,10833.0,9525.0
2022-07-24,12000.0,10833.0,9525.0
2022-07-25,12000.0,10833.0,9525.0
2022-07-26,12000.0,10833.0,9525.0
2022-07-27,12000.0,10833.0,9525.0
2022-07-28,12000.0,10833.0,9525.0
2022-07-29,12000.0,10833.0,9525.0
2022-07-30,12000.0,10833.0,9525.0
2022-07-31,12000.0,10833.0,9525.0
2022-08-01,12000.0,10833.0,9525.0
2022-08-02,12000.0,10917.0,9533.0
2022-08-03,12000.0,10917.0,9533.0
2022-08-04,12000.0,10917.0,9533.0
2022-08-05,12000.0,10917.0,9533.0
2022-08-06,12000.0,10889.0,9530.333333333334
2022-08-07,12000.0,10861.0,9527.666666666666
2022-08-08,12000.0,10833.0,9525.0
2022-08-09,12000.0,10917.0,9533.0
2022-08-10,12000.0,10917.0,9533.0
2022-08-11,12000.0,10917.0,9533.0
2022-08-12,12000.0,10917.0,9533.0
2022-08-13,12000.0,10789.0,9530.333333333334
2022-08-14,12000.0,10661.0,9527.666666666666
2022-08-15,12000.0,10533.0,9525.0
2022-08-16,12000.0,10917.0,9525.0
2022-08-17,12000.0,10917.0,9525.0
2022-08-18,12000.0,10917.0,9525.0
2022-08-19,12000.0,10917.0,9525.0
2022-08-20,12000.0,10889.0,9525.0
2022-08-21,12000.0,10861.0,9525.0
2022-08-22,12000.0,10833.0,9525.0
2022-08-23,12000.0,10833.0,9525.0
2022-08-24,12083.0,10917.0,9533.0
2022-08-25,12083.0,10917.0,9533.0
2022-08-26,12083.0,10917.0,9533.0
2022-08-27,12055.333333333334,10917.0,9530.333333333334
2022-08-28,12027.666666666666,10917.0,9527.666666666666
2022-08-29,12000.0,10917.0,9525.0
2022-08-30,12083.0,10917.0,9533.0
2022-08-31,12083.0,11000.0,9533.0
2022-09-01,12083.0,11000.0,9533.0
2022-09-02,12083.0,11000.0,9533.0
2022-09-03,12083.0,11000.0,9530.333333333334
2022-09-04,12083.0,11000.0,9527.666666666666
2022-09-05,12083.0,11000.0,9525.0
2022-09-06,12000.0,10917.0,9617.0
2022-09-07,12000.0,10917.0,9625.0
2022-09-08,12083.0,11000.0,9450.0
2022-09-09,12083.0,11000.0,9450.0
2022-09-10,12083.0,11000.0,9477.666666666666
2022-09-11,12083.0,11000.0,9505.333333333334
2022-09-12,12083.0,11000.0,9533.0
2022-09-13,12083.0,11000.0,9442.0
2022-09-14,12083.0,11000.0,9442.0
2022-09-15,12250.0,11000.0,9442.0
2022-09-16,12250.0,11000.0,9442.0
2022-09-17,12194.333333333334,11000.0,9442.0
2022-09-18,12138.666666666666,11000.0,9442.0
2022-09-19,12083.0,11000.0,9442.0
2022-09-20,12083.0,11000.0,9442.0
2022-09-21,12083.0,11000.0,9442.0
2022-09-22,12083.0,11000.0,9442.0
2022-09-23,12083.0,11000.0,9442.0
2022-09-24,12083.0,11000.0,9442.0
2022-09-25,12083.0,11000.0,9442.0
2022-09-26,12083.0,11000.0,9442.0
2022-09-27,12083.0,10917.0,9442.0
2022-09-28,12083.0,10917.0,9442.0
2022-09-29,12083.0,10917.0,9442.0
2022-09-30,12083.0,10917.0,9442.0
2022-10-01,12083.0,10944.666666666666,9442.0
2022-10-02,12083.0,10972.333333333334,9442.0
2022-10-03,12083.0,11000.0,9442.0
2022-10-04,12083.0,10917.0,9442.0
2022-10-05,12167.0,10917.0,9442.0
2022-10-06,12167.0,10917.0,9442.0
2022-10-07,12167.0,10917.0,9442.0
2022-10-08,12139.0,10944.666666666666,9442.0
2022-10-09,12111.0,10972.333333333334,9442.0
2022-10-10,12083.0,11000.0,9442.0
2022-10-11,12083.0,10917.0,9442.0
2022-10-12,12083.0,10917.0,9442.0
2022-10-13,12167.0,10917.0,9442.0
2022-10-14,12167.0,10917.0,9442.0
2022-10-15,12139.0,10944.666666666666,9442.0
2022-10-16,12111.0,10972.333333333334,9442.0
2022-10-17,12083.0,11000.0,9442.0
2022-10-18,12083.0,11000.0,9442.0
2022-10-19,12083.0,10750.0,9433.0
2022-10-20,12083.0,10750.0,9433.0
2022-10-21,12083.0,10750.0,9433.0
2022-10-22,12083.0,10833.333333333334,9436.0
2022-10-23,12083.0,10916.666666666666,9439.0
2022-10-24,12083.0,11000.0,9442.0
2022-10-25,12083.0,11000.0,9442.0
2022-10-26,12083.0,11000.0,9442.0
2022-10-27,12000.0,10833.0,9442.0
2022-10-28,12000.0,10833.0,9442.0
2022-10-29,12027.666666666666,10888.666666666666,9442.0
2022-10-30,12055.333333333334,10944.333333333334,9442.0
2022-10-31,12083.0,11000.0,9442.0
2022-11-01,12083.0,11000.0,9442.0
2022-11-02,12167.0,11000.0,9442.0
2022-11-03,12083.0,10833.0,9442.0
2022-11-04,12083.0,10833.0,9442.0
2022-11-05,12083.0,10888.666666666666,9442.0
2022-11-06,12083.0,10944.333333333334,9442.0
2022-11-07,12083.0,11000.0,9442.0
2022-11-08,12083.0,11000.0,9442.0
2022-11-09,12267.0,11000.0,9442.0
2022-11-10,12083.0,10833.0,9442.0
2022-11-11,12083.0,10833.0,9442.0
2022-11-12,12083.0,10888.666666666666,9442.0
2022-11-13,12083.0,10944.333333333334,9442.0
2022-11-14,12083.0,11000.0,9442.0
2022-11-15,12083.0,11000.0,9442.0
2022-11-16,12167.0,11000.0,9442.0
2022-11-17,12083.0,10833.0,9442.0
2022-11-18,12083.0,10833.0,9442.0
2022-11-19,12111.0,10833.0,9442.0
2022-11-20,12139.0,10833.0,9442.0
2022-11-21,12167.0,10833.0,9442.0
2022-11-22,12167.0,11000.0,9442.0
2022-11-23,12167.0,11000.0,9442.0
2022-11-24,12167.0,11000.0,9442.0
2022-11-25,12167.0,11000.0,9442.0
2022-11-26,12167.0,11027.666666666666,9442.0
2022-11-27,12167.0,11055.333333333334,9442.0
2022-11-28,12167.0,11083.0,9442.0
2022-11-29,12167.0,11000.0,9442.0
2022-11-30,12167.0,11000.0,9442.0
2022-12-01,12167.0,11000.0,9442.0
2022-12-02,12250.0,11083.0,9442.0
2022-12-03,12250.0,11083.0,9442.0
2022-12-04,12250.0,11083.0,9442.0
2022-12-05,12250.0,11083.0,9442.0
2022-12-06,12250.0,11083.0,9442.0
2022-12-07,12250.0,11083.0,9442.0
2022-12-08,12250.0,11083.0,9442.0
2022-12-09,12250.0,11083.0,9442.0
2022-12-10,12250.0,11111.0,9442.0
2022-12-11,12250.0,11139.0,9442.0
2022-12-12,12250.0,11167.0,9442.0
2022-12-13,12250.0,11083.0,9442.0
2022-12-14,12250.0,11083.0,9442.0
2022-12-15,12500.0,11083.0,9442.0
2022-12-16,12583.0,11250.0,9442.0
2022-12-17,12583.0,11194.333333333334,9442.0
2022-12-18,12583.0,11138.666666666666,9442.0
2022-12-19,12583.0,11083.0,9442.0
2022-12-20,12583.0,11083.0,9442.0
2022-12-21,12583.0,11250.0,9442.0
2022-12-22,12583.0,11250.0,9442.0
2022-12-23,12583.0,11250.0,9442.0
2022-12-24,12583.0,11194.333333333334,9442.0
2022-12-25,12583.0,11138.666666666666,9442.0
2022-12-26,12583.0,11083.0,9442.0
2022-12-27,12583.0,11083.0,9442.0
2022-12-28,12583.0,11333.0,9442.0
2022-12-29,12583.0,11333.0,9442.0
2022-12-30,12583.0,11333.0,9442.0
2022-12-31,12583.0,11333.0,9442.0
2023-01-01,12583.0,11333.0,9442.0
2023-01-02,12583.0,11333.0,9442.0
2023-01-03,12583.0,11333.0,9442.0
2023-01-04,12583.0,11333.0,9442.0
2023-01-05,12667.0,11500.0,9442.0
2023-01-06,12667.0,11500.0,9442.0
2023-01-07,12667.0,11500.0,9442.0
2023-01-08,12667.0,11500.0,9442.0
2023-01-09,12667.0,11500.0,9442.0
2023-01-10,12667.0,11500.0,9442.0
2023-01-11,12667.0,11500.0,9442.0
2023-01-12,12667.0,11500.0,9442.0
2023-01-13,12667.0,11500.0,9442.0
2023-01-14,12694.666666666666,11500.0,9442.0
2023-01-15,12722.333333333334,11500.0,9442.0
2023-01-16,12750.0,11500.0,9442.0
2023-01-17,12833.0,11500.0,9442.0
2023-01-18,12833.0,11667.0,9950.0
2023-01-19,12917.0,11917.0,9950.0
2023-01-20,12917.0,11917.0,9950.0
2023-01-21,12861.333333333334,11778.0,9780.666666666666
2023-01-22,12805.666666666666,11639.0,9611.333333333334
2023-01-23,12750.0,11500.0,9442.0
2023-01-24,12917.0,11750.0,9442.0
2023-01-25,12917.0,11750.0,9442.0
2023-01-26,12917.0,11750.0,9442.0
2023-01-27,12917.0,11750.0,9433.0
2023-01-28,12944.666666666666,11777.666666666666,9429.333333333334
2023-01-29,12972.333333333334,11805.333333333334,9425.666666666666
2023-01-30,13000.0,11833.0,9422.0
2023-01-31,13000.0,11833.0,9422.0
2023-02-01,13000.0,11833.0,9422.0
2023-02-02,13000.0,11833.0,9433.0
2023-02-03,13100.0,11900.0,9433.0
2023-02-04,13066.666666666666,11877.666666666666,9433.0
2023-02-05,13033.333333333334,11855.333333333334,9433.0
2023-02-06,13000.0,11833.0,9433.0
2023-02-07,13000.0,11833.0,9433.0
2023-02-08,13083.0,11833.0,9433.0
2023-02-09,13167.0,11833.0,9433.0
2023-02-10,13167.0,11917.0,9433.0
2023-02-11,13167.0,11917.0,9433.0
2023-02-12,13167.0,11917.0,9433.0
2023-02-13,13167.0,11917.0,9433.0
2023-02-14,13167.0,12333.0,10542.0
2023-02-15,13167.0,12333.0,10542.0
2023-02-16,13167.0,11917.0,9867.0
2023-02-17,13167.0,11917.0,9867.0
2023-02-18,13167.0,11917.0,9725.333333333334
2023-02-19,13167.0,11917.0,9583.666666666666
2023-02-20,13167.0,11917.0,9442.0
2023-02-21,13167.0,11917.0,9442.0
2023-02-22,13083.0,11917.0,9442.0
2023-02-23,13250.0,12083.0,9442.0
2023-02-24,13250.0,12083.0,9442.0
2023-02-25,13222.333333333334,12027.666666666666,9442.0
2023-02-26,13194.666666666666,11972.333333333334,9442.0
2023-02-27,13167.0,11917.0,9442.0
2023-02-28,13167.0,11917.0,9442.0
2023-03-01,13083.0,11917.0,9442.0
2023-03-02,13250.0,12083.0,9442.0
2023-03-03,13250.0,12083.0,9442.0
2023-03-04,13222.333333333334,12027.666666666666,9442.0
2023-03-05,13194.666666666666,11972.333333333334,9442.0
2023-03-06,13167.0,11917.0,9442.0
2023-03-07,13083.0,11833.0,9500.0
2023-03-08,13083.0,11833.0,9500.0
2023-03-09,13083.0,11833.0,9500.0
2023-03-10,13083.0,11833.0,9500.0
2023-03-11,13111.0,11861.0,9500.0
2023-03-12,13139.0,11889.0,9500.0
2023-03-13,13167.0,11917.0,9500.0
2023-03-14,13333.0,12083.0,9500.0
2023-03-15,13333.0,12083.0,9500.0
2023-03-16,13333.0,12083.0,9500.0
2023-03-17,13333.0,12083.0,9500.0
2023-03-18,13333.0,12083.0,9500.0
2023-03-19,13333.0,12083.0,9500.0
2023-03-20,13333.0,12083.0,9500.0
2023-03-21,13333.0,12083.0,9500.0
2023-03-22,13333.0,12083.0,9500.0
2023-03-23,13333.0,12083.0,9500.0
2023-03-24,13333.0,12083.0,9500.0
2023-03-25,13333.0,12083.0,9500.0
2023-03-26,13333.0,12083.0,9500.0
2023-03-27,13333.0,12083.0,9500.0
2023-03-28,13333.0,12083.0,9500.0
2023-03-29,13333.0,12083.0,9500.0
2023-03-30,13750.0,12583.0,9442.0
2023-03-31,13750.0,12500.0,9442.0
2023-04-01,13722.333333333334,12472.333333333334,9461.333333333334
2023-04-02,13694.666666666666,12444.666666666666,9480.666666666666
2023-04-03,13667.0,12417.0,9500.0
2023-04-04,13667.0,12417.0,9500.0
2023-04-05,13667.0,12417.0,9500.0
2023-04-06,13667.0,12417.0,9442.0
2023-04-07,13667.0,12417.0,9442.0
2023-04-08,13667.0,12417.0,9442.0
2023-04-09,13667.0,12417.0,9442.0
2023-04-10,13667.0,12417.0,9442.0
2023-04-11,13667.0,12417.0,9442.0
2023-04-12,13667.0,12417.0,9442.0
2023-04-13,13833.0,12417.0,9442.0
2023-04-14,13833.0,12417.0,9442.0
2023-04-15,13833.0,12417.0,9442.0
2023-04-16,13833.0,12417.0,9442.0
2023-04-17,13833.0,12417.0,9442.0
2023-04-18,13833.0,12417.0,9442.0
2023-04-19,13833.0,12417.0,9442.0
2023-04-20,13833.0,12417.0,9442.0
2023-04-21,13833.0,12417.0,9442.0
2023-04-22,13833.0,12417.0,9442.0
2023-04-23,13833.0,12417.0,9442.0
2023-04-24,13833.0,12417.0,9442.0
2023-04-25,13833.0,12417.0,9442.0
2023-04-26,13833.0,12417.0,9442.0
2023-04-27,14000.0,12583.0,9442.0
2023-04-28,14000.0,12500.0,9442.0
2023-04-29,13944.333333333334,12472.333333333334,9442.0
2023-04-30,13888.666666666666,12444.666666666666,9442.0
2023-05-01,13833.0,12417.0,9442.0
2023-05-02,13833.0,12417.0,9442.0
2023-05-03,13833.0,12417.0,9442.0
2023-05-04,13833.0,12417.0,9442.0
2023-05-05,13833.0,12417.0,9442.0
2023-05-06,13833.0,12417.0,9442.0
2023-05-07,13833.0,12417.0,9442.0
2023-05-08,13833.0,12417.0,9442.0
2023-05-09,13833.0,12417.0,9442.0
2023-05-10,13833.0,12417.0,9442.0
2023-05-11,13833.0,12417.0,9442.0
2023-05-12,13833.0,12417.0,9442.0
2023-05-13,13833.0,12417.0,9442.0
2023-05-14,13833.0,12417.0,9442.0
2023-05-15,13833.0,12417.0,9442.0
2023-05-16,13833.0,12417.0,9442.0
2023-05-17,13833.0,12417.0,9442.0
2023-05-18,13833.0,12417.0,9442.0
2023-05-19,13833.0,12417.0,9442.0
2023-05-20,13833.0,12361.333333333334,9442.0
2023-05-21,13833.0,12305.666666666666,9442.0
2023-05-22,13833.0,12250.0,9442.0
2023-05-23,13667.0,12250.0,9442.0
2023-05-24,13667.0,12250.0,9442.0
2023-05-25,13667.0,12250.0,9442.0
2023-05-26,13667.0,12250.0,9442.0
2023-05-27,13667.0,12250.0,9442.0
2023-05-28,13667.0,12250.0,9442.0
2023-05-29,13667.0,12250.0,9442.0
2023-05-30,13667.0,12250.0,9442.0
2023-05-31,13667.0,12250.0,9442.0
2023-06-01,13667.0,12250.0,9442.0
2023-06-02,13667.0,12250.0,9442.0
2023-06-03,13528.0,12194.333333333334,9442.0
2023-06-04,13389.0,12138.666666666666,9442.0
2023-06-05,13250.0,12083.0,9442.0
2023-06-06,13250.0,12083.0,9442.0
2023-06-07,13250.0,12083.0,9442.0
2023-06-08,13250.0,12083.0,9442.0
2023-06-09,13250.0,12083.0,9442.0
2023-06-10,13250.0,12083.0,9442.0
2023-06-11,13250.0,12083.0,9442.0
2023-06-12,13250.0,12083.0,9442.0
2023-06-13,13250.0,12083.0,9442.0
2023-06-14,13250.0,12083.0,9442.0
2023-06-15,13250.0,12083.0,9442.0
2023-06-16,13250.0,12083.0,9442.0
2023-06-17,13250.0,12083.0,9442.0
2023-06-18,13250.0,12083.0,9442.0
2023-06-19,13250.0,12083.0,9442.0
2023-06-20,13250.0,12083.0,9442.0
2023-06-21,13250.0,12083.0,9442.0
2023-06-22,13250.0,12083.0,9442.0
2023-06-23,13250.0,12083.0,9442.0
2023-06-24,13250.0,12083.0,9442.0
2023-06-25,13250.0,12083.0,9442.0
2023-06-26,13250.0,12083.0,9442.0
2023-06-27,13250.0,12083.0,9442.0
2023-06-28,13250.0,12083.0,9442.0
2023-06-29,13250.0,12083.0,9442.0
2023-06-30,13250.0,12083.0,9442.0
2023-07-01,13250.0,12027.666666666666,9442.0
2023-07-02,13250.0,11972.333333333334,9442.0
2023-07-03,13250.0,11917.0,9442.0
2023-07-04,13250.0,11667.0,9442.0
2023-07-05,13250.0,11667.0,9442.0
2023-07-06,13250.0,11667.0,9442.0
2023-07-07,13250.0,11667.0,9442.0
2023-07-08,13250.0,11667.0,9442.0
2023-07-09,13250.0,11667.0,9442.0
2023-07-10,13250.0,11667.0,9442.0
2023-07-11,13250.0,11667.0,9442.0
2023-07-12,13250.0,11667.0,9442.0
2023-07-13,13250.0,11667.0,9442.0
2023-07-14,13250.0,11667.0,9442.0
2023-07-15,13250.0,11667.0,9442.0
2023-07-16,13250.0,11667.0,9442.0
2023-07-17,13250.0,11667.0,9442.0
2023-07-18,13250.0,11667.0,9442.0
2023-07-19,13250.0,11667.0,9442.0
2023-07-20,13250.0,11667.0,9442.0
2023-07-21,13250.0,11667.0,9442.0
2023-07-22,13250.0,11667.0,9442.0
2023-07-23,13250.0,11667.0,9442.0
2023-07-24,13250.0,11667.0,9442.0
2023-07-25,13250.0,11667.0,9442.0
2023-07-26,13250.0,11667.0,9442.0
2023-07-27,13250.0,11667.0,9442.0
2023-07-28,13250.0,11667.0,9442.0
2023-07-29,13250.0,11667.0,9442.0
2023-07-30,13250.0,11667.0,9442.0
2023-07-31,13250.0,11667.0,9442.0
2023-08-01,13250.0,11667.0,9442.0
2023-08-02,13250.0,11667.0,9442.0
2023-08-03,13250.0,11667.0,9442.0
2023-08-04,13250.0,11667.0,9442.0
2023-08-05,13250.0,11667.0,9442.0
2023-08-06,13250.0,11667.0,9442.0
2023-08-07,13250.0,11667.0,9442.0
2023-08-08,13250.0,11667.0,9442.0
2023-08-09,13250.0,11667.0,9442.0
2023-08-10,13250.0,11667.0,9442.0
2023-08-11,13250.0,11667.0,9442.0
2023-08-12,13250.0,11667.0,9442.0
2023-08-13,13250.0,11667.0,9442.0
2023-08-14,13250.0,11667.0,9442.0
2023-08-15,13250.0,11667.0,9442.0
2023-08-16,13250.0,11667.0,9442.0
2023-08-17,13250.0,11667.0,9442.0
2023-08-18,13333.0,11667.0,9442.0
2023-08-19,13361.0,11694.666666666666,9442.0
2023-08-20,13389.0,11722.333333333334,9442.0
2023-08-21,13417.0,11750.0,9442.0
2023-08-22,13417.0,11750.0,9442.0
2023-08-23,13417.0,11750.0,9442.0
2023-08-24,13417.0,11750.0,9442.0
2023-08-25,13417.0,11750.0,9442.0
2023-08-26,13500.333333333334,11777.666666666666,9442.0
2023-08-27,13583.666666666666,11805.333333333334,9442.0
2023-08-28,13667.0,11833.0,9442.0
2023-08-29,13833.0,12000.0,9442.0
2023-08-30,14164.0,12000.0,9442.0
2023-08-31,14083.0,12167.0,9442.0
2023-09-01,14083.0,12167.0,9442.0
2023-09-02,14083.0,12139.0,9603.0
2023-09-03,14083.0,12111.0,9764.0
2023-09-04,14083.0,12083.0,9925.0
2023-09-05,14500.0,12667.0,10650.0
2023-09-06,14500.0,12667.0,10650.0
2023-09-07,14500.0,12667.0,10650.0
2023-09-08,14500.0,12667.0,10650.0
2023-09-09,14472.333333333334,12500.333333333334,10489.0
2023-09-10,14444.666666666666,12333.666666666666,10328.0
2023-09-11,14417.0,12167.0,10167.0
2023-09-12,14667.0,12583.0,10408.0
2023-09-13,14833.0,12750.0,10900.0
2023-09-14,14750.0,12917.0,10900.0
2023-09-15,14750.0,13000.0,10900.0
2023-09-16,14722.333333333334,12861.0,10739.0
2023-09-17,14694.666666666666,12722.0,10578.0
2023-09-18,14667.0,12583.0,10417.0
2023-09-19,14500.0,12500.0,10417.0
2023-09-20,14833.0,12833.0,10900.0
2023-09-21,14833.0,12917.0,10900.0
2023-09-22,14833.0,12917.0,10900.0
2023-09-23,14833.0,12917.0,10900.0
2023-09-24,14833.0,12917.0,10900.0
2023-09-25,14833.0,12917.0,10900.0
2023-09-26,14917.0,12917.0,10900.0
2023-09-27,14917.0,12917.0,10900.0
2023-09-28,14917.0,12917.0,10900.0
2023-09-29,14833.0,12917.0,10900.0
2023-09-30,14833.0,12917.0,10900.0
2023-10-01,14833.0,12917.0,10900.0
2023-10-02,14833.0,12917.0,10900.0
2023-10-03,14667.0,13000.0,10900.0
2023-10-04,14667.0,13000.0,10900.0
2023-10-05,14667.0,13000.0,10900.0
2023-10-06,14667.0,13000.0,10900.0
2023-10-07,14739.0,13111.0,10900.0
2023-10-08,14811.0,13222.0,10900.0
2023-10-09,14883.0,13333.0,10900.0
2023-10-10,14883.0,13333.0,10900.0
2023-10-11,14583.0,13583.0,10900.0
2023-10-12,14583.0,13583.0,10900.0
2023-10-13,14417.0,13333.0,10900.0
2023-10-14,14417.0,13333.0,10900.0
2023-10-15,14417.0,13333.0,10900.0
2023-10-16,14417.0,13333.0,10900.0
2023-10-17,14417.0,13333.0,10900.0
2023-10-18,14500.0,13333.0,10900.0
2023-10-19,14583.0,13417.0,10900.0
2023-10-20,14583.0,13417.0,10900.0
2023-10-21,14638.666666666666,13500.333333333334,10900.0
2023-10-22,14694.333333333334,13583.666666666666,10900.0
2023-10-23,14750.0,13667.0,10900.0
2023-10-24,14750.0,13667.0,10900.0
2023-10-25,14750.0,13667.0,10900.0
2023-10-26,14750.0,13667.0,10900.0
2023-10-27,14750.0,13667.0,10900.0
2023-10-28,14833.333333333334,13722.333333333334,10900.0
2023-10-29,14916.666666666666,13777.666666666666,10900.0
2023-10-30,15000.0,13833.0,10900.0
2023-10-31,15000.0,13833.0,10900.0
2023-11-01,15000.0,13833.0,10900.0
2023-11-02,15000.0,13833.0,10900.0
2023-11-03,15167.0,14000.0,10900.0
2023-11-04,15028.0,13889.0,10900.0
2023-11-05,14889.0,13778.0,10900.0
2023-11-06,14750.0,13667.0,10900.0
2023-11-07,14833.0,13833.0,10900.0
2023-11-08,14833.0,13833.0,10900.0
2023-11-09,14833.0,13833.0,10900.0
2023-11-10,15000.0,14000.0,10900.0
2023-11-11,14944.333333333334,13916.666666666666,10900.0
2023-11-12,14888.666666666666,13833.333333333334,10900.0
2023-11-13,14833.0,13750.0,10900.0
2023-11-14,15083.0,13917.0,10900.0
2023-11-15,15083.0,13917.0,10900.0
2023-11-16,15083.0,13917.0,10900.0
2023-11-17,15083.0,13917.0,10900.0
2023-11-18,15027.666666666666,13889.0,10900.0
2023-11-19,14972.333333333334,13861.0,10900.0
2023-11-20,14917.0,13833.0,10900.0
2023-11-21,15167.0,14083.0,10900.0
2023-11-22,15167.0,14083.0,10900.0
2023-11-23,15167.0,14083.0,10900.0
2023-11-24,15167.0,14083.0,10900.0
2023-11-25,15222.333333333334,14083.0,10933.333333333334
2023-11-26,15277.666666666666,14083.0,10966.666666666666
2023-11-27,15333.0,14083.0,11000.0
2023-11-28,15333.0,14083.0,11000.0
2023-11-29,15333.0,14083.0,11000.0
2023-11-30,15333.0,14083.0,11000.0
2023-12-01,15333.0,14083.0,11000.0
2023-12-02,15333.0,13972.0,10989.0
2023-12-03,15333.0,13861.0,10978.0
2023-12-04,15333.0,13750.0,10967.0
2023-12-05,15500.0,14083.0,10967.0
2023-12-06,15500.0,14083.0,10967.0
2023-12-07,15500.0,14083.0,10967.0
2023-12-08,15500.0,14083.0,10967.0
2023-12-09,15444.333333333334,14083.0,10967.0
2023-12-10,15388.666666666666,14083.0,10967.0
2023-12-11,15333.0,14083.0,10967.0
2023-12-12,15333.0,14083.0,10967.0
2023-12-13,15333.0,14083.0,10967.0
2023-12-14,15333.0,14083.0,10967.0
2023-12-15,15333.0,14083.0,10967.0
2023-12-16,15222.0,13972.0,10967.0
2023-12-17,15111.0,13861.0,10967.0
2023-12-18,15000.0,13750.0,10967.0
2023-12-19,15167.0,13917.0,10967.0
2023-12-20,15167.0,13917.0,10967.0
2023-12-21,15167.0,13917.0,10967.0
2023-12-22,15167.0,13917.0,10967.0
2023-12-23,15167.0,13917.0,10967.0
2023-12-24,15167.0,13917.0,10967.0
2023-12-25,15167.0,13917.0,10967.0
2023-12-26,15167.0,13917.0,10967.0
2023-12-27,15167.0,13917.0,10967.0
2023-12-28,15167.0,13917.0,10967.0
2023-12-29,15167.0,13917.0,10967.0
2023-12-30,15167.0,13917.0,10978.0
2023-12-31,15167.0,13917.0,10989.0
2024-01-01,15167.0,13917.0,11000.0
2024-01-02,15167.0,13917.0,11000.0
2024-01-03,15167.0,13917.0,11000.0
2024-01-04,15167.0,13917.0,11000.0
2024-01-05,15167.0,13917.0,11000.0
2024-01-06,15167.0,13917.0,11000.0
2024-01-07,15167.0,13917.0,11000.0
2024-01-08,15167.0,13917.0,11000.0
2024-01-09,15167.0,13917.0,11000.0
2024-01-10,15167.0,13917.0,11000.0
2024-01-11,15167.0,13917.0,11000.0
2024-01-12,15167.0,13917.0,11000.0
2024-01-13,15222.333333333334,13917.0,11000.0
2024-01-14,15277.666666666666,13917.0,11000.0
2024-01-15,15333.0,13917.0,11000.0
2024-01-16,15333.0,13917.0,11000.0
2024-01-17,15500.0,13917.0,11000.0
2024-01-18,15500.0,13917.0,11000.0
2024-01-19,15500.0,13917.0,11000.0
2024-01-20,15527.666666666666,14000.333333333334,11000.0
2024-01-21,15555.333333333334,14083.666666666666,11000.0
2024-01-22,15583.0,14167.0,11000.0
2024-01-23,15583.0,14333.0,11000.0
2024-01-24,15750.0,14500.0,11000.0
2024-01-25,15750.0,14500.0,11000.0
2024-01-26,15750.0,14500.0,11000.0
2024-01-27,15889.0,14666.666666666666,11000.0
2024-01-28,16028.0,14833.333333333334,11000.0
2024-01-29,16167.0,15000.0,11000.0
2024-01-30,16167.0,15000.0,11000.0
2024-01-31,16167.0,15000.0,11000.0
2024-02-01,16167.0,15000.0,11000.0
2024-02-02,16167.0,15000.0,11000.0
2024-02-03,16333.666666666666,15055.666666666666,11000.0
2024-02-04,16500.333333333332,15111.333333333334,11000.0
2024-02-05,16667.0,15167.0,11000.0
2024-02-06,16667.0,15167.0,11000.0
2024-02-07,16667.0,15167.0,11000.0
2024-02-08,16667.0,15333.0,11000.0
2024-02-09,16667.0,15333.0,11000.0
2024-02-10,16778.0,15388.666666666666,11055.666666666666
2024-02-11,16889.0,15444.333333333334,11111.333333333334
2024-02-12,17000.0,15500.0,11167.0
2024-02-13,17000.0,15500.0,11167.0
2024-02-14,17000.0,15500.0,11167.0
2024-02-15,17000.0,15500.0,11167.0
2024-02-16,17000.0,15500.0,11167.0
2024-02-17,17000.0,15500.0,11167.0
2024-02-18,17000.0,15500.0,11167.0
2024-02-19,17000.0,15500.0,11167.0
2024-02-20,17000.0,15500.0,11167.0
2024-02-21,17000.0,15500.0,11167.0
2024-02-22,17000.0,15500.0,11167.0
2024-02-23,17000.0,15500.0,11167.0
2024-02-24,16944.333333333332,15500.0,11167.0
2024-02-25,16888.666666666668,15500.0,11167.0
2024-02-26,16833.0,15500.0,11167.0
2024-02-27,16833.0,15500.0,11167.0
2024-02-28,16833.0,15500.0,11167.0
2024-02-29,16833.0,15000.0,11167.0
2024-03-01,16833.0,15000.0,11167.0
2024-03-02,16777.666666666668,15000.0,11167.0
2024-03-03,16722.333333333332,15000.0,11167.0
2024-03-04,16667.0,15000.0,11167.0
2024-03-05,16667.0,15000.0,11167.0
2024-03-06,16667.0,15000.0,11167.0
2024-03-07,16667.0,15000.0,11167.0
2024-03-08,16667.0,15000.0,11167.0
2024-03-09,16500.333333333332,14889.0,11111.333333333334
2024-03-10,16333.666666666666,14778.0,11055.666666666666
2024-03-11,16167.0,14667.0,11000.0
2024-03-12,16167.0,14667.0,11000.0
2024-03-13,16167.0,14667.0,11000.0
2024-03-14,16333.0,14667.0,11000.0
2024-03-15,16333.0,14667.0,11000.0
2024-03-16,16222.0,14611.333333333334,11000.0
2024-03-17,16111.0,14555.666666666666,11000.0
2024-03-18,16000.0,14500.0,11000.0
2024-03-19,16000.0,14500.0,11000.0
2024-03-20,16000.0,14500.0,11000.0
2024-03-21,16000.0,14500.0,11000.0
2024-03-22,16000.0,14500.0,11000.0
2024-03-23,16000.0,14500.0,11000.0
2024-03-24,16000.0,14500.0,11000.0
2024-03-25,16000.0,14500.0,11000.0
2024-03-26,16000.0,14500.0,11000.0
2024-03-27,16000.0,14500.0,11000.0
2024-03-28,16167.0,14500.0,11000.0
2024-03-29,16167.0,14500.0,11000.0
2024-03-30,16167.0,14444.333333333334,11000.0
2024-03-31,16167.0,14388.666666666666,11000.0
2024-04-01,16167.0,14333.0,11000.0
2024-04-02,16167.0,14333.0,11000.0
2024-04-03,16167.0,14333.0,11000.0
2024-04-04,16167.0,14333.0,11000.0
2024-04-05,16167.0,14333.0,11000.0
2024-04-06,16167.0,14333.0,11000.0
2024-04-07,16167.0,14333.0,11000.0
2024-04-08,16167.0,14333.0,11000.0
2024-04-09,16167.0,14333.0,11000.0
2024-04-10,16167.0,14333.0,11000.0
2024-04-11,16167.0,14333.0,11000.0
2024-04-12,16167.0,14333.0,11000.0
2024-04-13,16055.666666666666,14333.0,11000.0
2024-04-14,15944.333333333334,14333.0,11000.0
2024-04-15,15833.0,14333.0,11000.0
2024-04-16,15833.0,14333.0,11000.0
2024-04-17,16000.0,14333.0,11000.0
2024-04-18,16333.0,14500.0,11000.0
2024-04-19,16333.0,14500.0,11000.0
2024-04-20,16277.666666666666,14555.666666666666,11000.0
2024-04-21,16222.333333333334,14611.333333333334,11000.0
2024-04-22,16167.0,14667.0,11000.0
2024-04-23,16167.0,14667.0,11000.0
2024-04-24,16167.0,14667.0,11000.0
2024-04-25,16167.0,14667.0,11000.0
2024-04-26,16167.0,14667.0,11000.0
2024-04-27,15889.0,14444.666666666666,11000.0
2024-04-28,15611.0,14222.333333333334,11000.0
2024-04-29,15333.0,14000.0,11000.0
2024-04-30,15333.0,14000.0,11000.0
