0,1,2
0.045454502,0.07942867,0.073777914
0.045454502,0.07942867,0.073777914
0.045454502,0.07942867,0.073777914
0.045454502,0.07942867,0.073777914
0.045454502,0.07942867,0.073777914
0.045454502,0.07942867,0.073777914
0.045454502,0.07942867,0.073777914
0.045454502,0.07942867,0.073777914
0.045454502,0.07942867,0.073777914
0.045454502,0.07942867,0.073777914
0.045454502,0.07942867,0.073777914
0.045454502,0.07942867,0.073777914
0.045454502,0.07942867,0.073777914
0.045454502,0.07942867,0.073777914
0.045454502,0.07942867,0.073777914
0.045454502,0.07942867,0.073777914
0.045454502,0.07942867,0.073777914
0.045454502,0.07942867,0.073777914
0.045454502,0.07942867,0.073777914
0.045454502,0.07942867,0.073777914
0.045454502,0.07942867,0.073777914
0.045454502,0.07942867,0.073777914
0.045454502,0.07942867,0.073777914
0.045454502,0.07942867,0.073777914
0.045454502,0.07942867,0.073777914
0.045454502,0.07942867,0.073777914
0.045454502,0.07942867,0.073777914
0.045454502,0.07942867,0.073777914
0.045454502,0.07942867,0.073777914
0.045454502,0.07942867,0.073777914
0.045454502,0.07942867,0.073777914
0.045454502,0.07942867,0.073777914
0.045454502,0.07942867,0.073777914
0.045454502,0.06882548,0.073777914
0.045454502,0.058222294,0.073777914
0.045454502,0.047619104,0.073777914
0.045454502,0.047619104,0.073777914
0.045454502,0.047619104,0.073777914
0.045454502,0.047619104,0.073777914
0.045454502,0.047619104,0.073777914
0.045454502,0.047619104,0.073777914
0.045454502,0.047619104,0.073777914
0.045454502,0.047619104,0.073777914
0.045454502,0.047619104,0.073777914
0.045454502,0.047619104,0.073777914
0.045454502,0.047619104,0.073777914
0.045454502,0.047619104,0.073777914
0.045454502,0.047619104,0.073777914
0.045454502,0.047619104,0.073777914
0.045454502,0.047619104,0.073777914
0.045454502,0.047619104,0.073777914
0.045454502,0.047619104,0.073777914
0.045454502,0.047619104,0.073777914
0.045454502,0.047619104,0.073777914
0.045454502,0.047619104,0.073777914
0.045454502,0.047619104,0.073777914
0.045454502,0.047619104,0.073777914
0.045454502,0.07942867,0.073777914
0.015090942,0.06342864,0.073777914
0.015090942,0.06342864,0.073777914
0.015090942,0.06342864,0.073777914
0.025212288,0.047555685,0.073777914
0.035333395,0.03168249,0.073777914
0.045454502,0.015809536,0.073777914
0.045454502,0.047619104,0.073777914
0.045454502,0.047619104,0.073777914
0.045454502,0.047619104,0.073777914
0.045454502,0.047619104,0.073777914
0.045454502,0.037015796,0.073777914
0.045454502,0.026412845,0.073777914
0.045454502,0.015809536,0.073777914
0.045454502,0.015809536,0.073777914
0.045454502,0.015809536,0.073777914
0.045454502,0.015809536,0.073777914
0.045454502,0.015809536,0.073777914
0.045454502,0.015809536,0.073777914
0.045454502,0.015809536,0.073777914
0.045454502,0.015809536,0.073777914
0.045454502,0.03180957,0.073777914
0.045454502,0.03180957,0.073777914
0.045454502,0.03180957,0.073777914
0.045454502,0.03180957,0.073777914
0.045454502,0.03180957,0.08622241
0.045454502,0.03180957,0.09866643
0.045454502,0.03180957,0.111110926
0.0,0.0,0.111110926
0.0,0.0,0.111110926
0.03036356,0.03180957,0.111110926
0.03036356,0.03180957,0.111110926
0.035393953,0.03180957,0.09866643
0.04042411,0.03180957,0.08622241
0.045454502,0.03180957,0.073777914
0.03036356,0.0,0.0
0.03036356,0.0,0.036888838
0.060545444,0.03180957,0.036888838
0.060545444,0.03180957,0.036888838
0.07066679,0.06882548,0.061629534
0.0807879,0.1058414,0.08637023
0.090909004,0.14285707,0.111110926
0.090909004,0.14285707,0.111110926
0.090909004,0.14285707,0.111110926
0.090909004,0.14285707,0.111110926
0.090909004,0.14285707,0.111110926
0.08587885,0.11638093,0.111110926
0.080848694,0.089904785,0.111110926
0.0758183,0.06342864,0.111110926
0.0758183,0.06342864,0.111110926
0.060545444,0.06342864,0.111110926
0.060545444,0.06342864,0.111110926
0.060545444,0.06342864,0.111110926
0.060545444,0.06342864,0.111110926
0.060545444,0.06342864,0.111110926
0.060545444,0.06342864,0.111110926
0.060545444,0.06342864,0.111110926
0.060545444,0.06342864,0.111110926
0.060545444,0.06342864,0.111110926
0.060545444,0.06342864,0.111110926
0.060545444,0.06342864,0.111110926
0.060545444,0.06342864,0.111110926
0.060545444,0.06342864,0.111110926
0.0667274,0.06342864,0.111110926
0.0667274,0.06342864,0.111110926
0.0667274,0.06342864,0.111110926
0.0667274,0.06342864,0.111110926
0.0667274,0.06342864,0.111110926
0.0667274,0.06342864,0.111110926
0.0667274,0.06342864,0.111110926
0.0667274,0.06342864,0.111110926
0.0667274,0.06342864,0.111110926
0.0667274,0.06342864,0.111110926
0.0667274,0.06342864,0.111110926
0.06466675,0.068761826,0.111110926
0.062606096,0.07409525,0.111110926
0.060545444,0.07942867,0.111110926
0.060545444,0.07942867,0.111110926
0.060545444,0.07942867,0.111110926
0.060545444,0.07942867,0.111110926
0.060545444,0.07942867,0.111110926
0.060545444,0.07942867,0.111110926
0.060545444,0.07942867,0.111110926
0.060545444,0.07942867,0.111110926
0.060545444,0.07942867,0.111110926
0.060545444,0.07942867,0.111110926
0.060545444,0.07942867,0.111110926
0.060545444,0.07942867,0.111110926
0.060545444,0.07942867,0.111110926
0.060545444,0.07942867,0.111110926
0.060545444,0.07942867,0.111110926
0.060545444,0.07942867,0.111110926
0.060545444,0.07942867,0.111110926
0.060545444,0.07942867,0.111110926
0.060545444,0.07942867,0.111110926
0.060545444,0.07942867,0.111110926
0.060545444,0.07942867,0.111110926
0.060545444,0.07942867,0.111110926
0.1212728,0.111047745,0.111110926
0.18181825,0.14285707,0.111110926
0.18181825,0.14285707,0.111110926
0.18181825,0.14285707,0.111110926
0.16163635,0.13225389,0.111110926
0.14145446,0.121650934,0.111110926
0.1212728,0.111047745,0.111110926
0.1212728,0.111047745,0.111110926
0.1212728,0.111047745,0.111110926
0.1212728,0.111047745,0.111110926
0.1212728,0.111047745,0.111110926
0.1212728,0.111047745,0.111110926
0.1212728,0.111047745,0.111110926
0.1212728,0.111047745,0.111110926
0.1212728,0.111047745,0.111110926
0.1212728,0.111047745,0.111110926
0.1212728,0.111047745,0.111110926
0.1212728,0.111047745,0.111110926
0.1212728,0.111047745,0.111110926
0.1212728,0.111047745,0.111110926
0.1212728,0.111047745,0.111110926
0.1212728,0.111047745,0.111110926
0.1212728,0.111047745,0.111110926
0.1212728,0.111047745,0.111110926
0.1212728,0.111047745,0.111110926
0.1212728,0.111047745,0.111110926
0.1212728,0.111047745,0.111110926
0.1212728,0.111047745,0.111110926
0.1212728,0.111047745,0.111110926
0.1212728,0.111047745,0.111110926
0.1212728,0.111047745,0.111110926
0.1212728,0.111047745,0.111110926
0.1212728,0.111047745,0.111110926
0.1212728,0.111047745,0.111110926
0.1212728,0.111047745,0.111110926
0.1212728,0.111047745,0.111110926
0.10599995,0.09523821,0.14444423
0.10599995,0.09523821,0.14444423
0.10599995,0.09523821,0.14444423
0.10599995,0.09523821,0.14444423
0.10599995,0.09523821,0.14444423
0.10599995,0.09523821,0.14444423
0.10599995,0.09523821,0.14444423
0.10599995,0.09523821,0.14444423
0.10599995,0.09523821,0.14444423
0.10599995,0.09523821,0.14444423
0.10599995,0.09523821,0.14444423
0.10599995,0.09523821,0.14444423
0.10599995,0.09523821,0.14444423
0.10599995,0.09523821,0.14444423
0.10599995,0.09523821,0.14444423
0.10599995,0.09523821,0.14444423
0.10599995,0.09523821,0.14444423
0.0807879,0.07409525,0.15303683
0.055575848,0.052952528,0.16162992
0.03036356,0.03180957,0.17022204
0.03036356,0.03180957,0.17022204
0.03036356,0.03180957,0.17022204
0.03036356,0.03180957,0.17022204
0.03036356,0.03180957,0.17022204
0.03036356,0.03180957,0.17022204
0.03036356,0.03180957,0.17022204
0.03036356,0.03180957,0.17022204
0.03036356,0.03180957,0.17022204
0.03036356,0.03180957,0.17022204
0.03036356,0.03180957,0.17022204
0.03036356,0.03180957,0.17022204
0.035393953,0.037079453,0.16770339
0.04042411,0.04234922,0.16518521
0.045454502,0.047619104,0.16266656
0.045454502,0.047619104,0.16266656
0.045454502,0.047619104,0.16266656
0.045454502,0.047619104,0.16266656
0.045454502,0.047619104,0.16266656
0.045454502,0.047619104,0.16266656
0.045454502,0.047619104,0.16266656
0.045454502,0.047619104,0.16266656
0.045454502,0.047619104,0.19244456
0.045454502,0.047619104,0.19244456
0.045454502,0.047619104,0.19244456
0.045454502,0.047619104,0.19244456
0.045454502,0.047619104,0.19244456
0.045454502,0.047619104,0.19244456
0.045454502,0.047619104,0.19244456
0.045454502,0.047619104,0.19244456
0.045454502,0.047619104,0.19244456
0.045454502,0.047619104,0.19244456
0.045454502,0.047619104,0.19244456
0.045454502,0.047619104,0.18251872
0.045454502,0.047619104,0.1725924
0.045454502,0.047619104,0.16266656
0.045454502,0.047619104,0.16266656
0.045454502,0.047619104,0.16266656
0.045454502,0.047619104,0.16266656
0.045454502,0.047619104,0.16266656
0.045454502,0.047619104,0.16266656
0.045454502,0.047619104,0.16266656
0.045454502,0.047619104,0.16266656
0.045454502,0.047619104,0.16266656
0.045454502,0.047619104,0.16266656
0.045454502,0.047619104,0.16266656
0.045454502,0.047619104,0.16266656
0.045454502,0.047619104,0.16266656
0.045454502,0.047619104,0.16266656
0.045454502,0.047619104,0.16266656
0.045454502,0.047619104,0.19244456
0.045454502,0.047619104,0.19244456
0.045454502,0.047619104,0.19244456
0.045454502,0.047619104,0.19244456
0.045454502,0.047619104,0.18251872
0.045454502,0.047619104,0.1725924
0.045454502,0.047619104,0.16266656
0.045454502,0.047619104,0.16266656
0.045454502,0.047619104,0.16266656
0.045454502,0.047619104,0.16266656
0.045454502,0.047619104,0.19244456
0.045454502,0.047619104,0.18251872
0.045454502,0.047619104,0.1725924
0.045454502,0.047619104,0.16266656
0.045454502,0.047619104,0.16266656
0.045454502,0.047619104,0.16266656
0.045454502,0.047619104,0.16266656
0.045454502,0.047619104,0.16266656
0.045454502,0.047619104,0.16266656
0.045454502,0.047619104,0.16266656
0.045454502,0.047619104,0.16266656
0.045454502,0.047619104,0.16266656
0.045454502,0.047619104,0.16266656
0.045454502,0.047619104,0.16266656
0.045454502,0.047619104,0.16266656
0.045454502,0.047619104,0.16266656
0.045454502,0.047619104,0.16266656
0.045454502,0.047619104,0.16266656
0.045454502,0.047619104,0.16266656
0.045454502,0.047619104,0.16266656
0.045454502,0.047619104,0.16266656
0.045454502,0.047619104,0.16266656
0.045454502,0.047619104,0.16266656
0.045454502,0.047619104,0.16266656
0.045454502,0.047619104,0.16266656
0.045454502,0.047619104,0.16266656
0.045454502,0.047619104,0.16266656
0.045454502,0.047619104,0.16266656
0.045454502,0.07942867,0.16266656
0.03787875,0.052952528,0.1688888
0.03030324,0.026476264,0.17511106
0.022727251,0.0,0.1813333
0.022727251,0.0,0.1813333
0.022727251,0.0,0.1813333
0.022727251,0.0,0.1813333
0.022727251,0.0,0.1813333
0.03030324,0.015872955,0.17511106
0.03787875,0.03174615,0.1688888
0.045454502,0.047619104,0.16266656
0.045454502,0.047619104,0.16266656
0.045454502,0.047619104,0.16266656
0.045454502,0.047619104,0.16266656
0.045454502,0.047619104,0.16266656
0.03787875,0.03174615,0.1688888
0.03030324,0.015872955,0.17511106
0.022727251,0.0,0.1813333
0.022727251,0.0,0.1813333
0.022727251,0.0,0.22577786
0.022727251,0.0,0.22577786
0.022727251,0.0,0.22577786
0.03030324,0.015872955,0.19496322
0.03787875,0.03174615,0.16414809
0.045454502,0.047619104,0.13333344
0.045454502,0.047619104,0.13333344
0.045454502,0.047619104,0.13333344
0.045454502,0.047619104,0.13333344
0.045454502,0.047619104,0.13333344
0.045454502,0.047619104,0.13333344
0.045454502,0.047619104,0.13333344
0.045454502,0.047619104,0.13333344
0.015090942,0.015809536,0.20711112
0.015090942,0.015809536,0.20711112
0.015090942,0.03180957,0.20711112
0.015090942,0.03180957,0.20711112
0.025212288,0.037079453,0.20711112
0.035333395,0.04234922,0.20711112
0.045454502,0.047619104,0.20711112
0.03036356,0.015809536,0.20711112
0.03036356,0.015809536,0.20711112
0.03036356,0.015809536,0.20711112
0.03036356,0.015809536,0.20711112
0.035393953,0.026412845,0.20711112
0.04042411,0.037015796,0.20711112
0.045454502,0.047619104,0.20711112
0.045454502,0.015809536,0.20711112
0.03036356,0.015809536,0.20711112
0.03036356,0.015809536,0.20711112
0.03036356,0.015809536,0.20711112
0.035393953,0.026412845,0.20711112
0.04042411,0.037015796,0.20711112
0.045454502,0.047619104,0.20711112
0.045454502,0.047619104,0.20711112
0.045454502,0.015809536,0.20711112
0.045454502,0.015809536,0.20711112
0.045454502,0.015809536,0.20711112
0.045454502,0.026412845,0.20711112
0.045454502,0.037015796,0.20711112
0.045454502,0.047619104,0.20711112
0.045454502,0.015809536,0.20711112
0.060545444,0.015809536,0.20711112
0.060545444,0.015809536,0.20711112
0.045454502,0.015809536,0.20711112
0.045454502,0.02114284,0.20711112
0.045454502,0.026476264,0.20711112
0.045454502,0.03180957,0.20711112
0.045454502,0.03180957,0.20711112
0.045454502,0.03180957,0.20711112
0.045454502,0.03180957,0.20711112
0.045454502,0.03180957,0.20711112
0.045454502,0.037079453,0.20711112
0.045454502,0.04234922,0.20711112
0.045454502,0.047619104,0.20711112
0.060545444,0.09523821,0.20711112
0.060545444,0.09523821,0.23688865
0.060545444,0.09523821,0.23688865
0.0758183,0.09523821,0.23688865
0.0758183,0.09523821,0.23688865
0.0758183,0.09523821,0.23688865
0.0758183,0.09523821,0.23688865
0.0758183,0.09523821,0.23688865
0.0758183,0.09523821,0.23688865
0.0758183,0.09523821,0.23688865
0.0758183,0.09523821,0.23688865
0.0758183,0.09523821,0.23688865
0.0758183,0.09523821,0.23688865
0.0758183,0.09523821,0.23688865
0.0758183,0.09523821,0.23688865
0.0758183,0.09523821,0.23688865
0.0758183,0.09523821,0.23688865
0.0758183,0.09523821,0.23688865
0.0758183,0.09523821,0.23807406
0.0758183,0.09523821,0.239259
0.0758183,0.09523821,0.24044442
0.0758183,0.09523821,0.24044442
0.0758183,0.09523821,0.24044442
0.0758183,0.09523821,0.24044442
0.0758183,0.09523821,0.24044442
0.0758183,0.09523821,0.24044442
0.0758183,0.09523821,0.24044442
0.0758183,0.09523821,0.24044442
0.0758183,0.07942867,0.23688865
0.0758183,0.07942867,0.23688865
0.0758183,0.07942867,0.23688865
0.0758183,0.07942867,0.23688865
0.0758183,0.08469844,0.23807406
0.0758183,0.089968204,0.239259
0.0758183,0.09523821,0.24044442
0.0758183,0.07942867,0.23688865
0.0758183,0.07942867,0.23688865
0.0758183,0.07942867,0.23688865
0.0758183,0.07942867,0.23688865
0.0758183,0.08469844,0.23688865
0.0758183,0.089968204,0.23688865
0.0758183,0.09523821,0.23688865
0.060545444,0.07942867,0.23688865
0.060545444,0.07942867,0.23688865
0.060545444,0.07942867,0.23688865
0.060545444,0.07942867,0.23688865
0.060545444,0.07942867,0.23807406
0.060545444,0.07942867,0.239259
0.060545444,0.07942867,0.24044442
0.060545444,0.07942867,0.24044442
0.060545444,0.07942867,0.24044442
0.060545444,0.07942867,0.24044442
0.060545444,0.07942867,0.24044442
0.060545444,0.07942867,0.24044442
0.060545444,0.07942867,0.24044442
0.060545444,0.07942867,0.24044442
0.060545444,0.07942867,0.24044442
0.060545444,0.07942867,0.24044442
0.060545444,0.07942867,0.24044442
0.060545444,0.07942867,0.24044442
0.060545444,0.07942867,0.24044442
0.060545444,0.07942867,0.24044442
0.060545444,0.07942867,0.24044442
0.060545444,0.07942867,0.24044442
0.060545444,0.07942867,0.24044442
0.060545444,0.07942867,0.24044442
0.060545444,0.07942867,0.24044442
0.060545444,0.07942867,0.24044442
0.060545444,0.07942867,0.24044442
0.060545444,0.07942867,0.24044442
0.060545444,0.07942867,0.24044442
0.060545444,0.07942867,0.24044442
0.060545444,0.07942867,0.24044442
0.060545444,0.07942867,0.24044442
0.060545444,0.07942867,0.24044442
0.060545444,0.07942867,0.24044442
0.060545444,0.07942867,0.24044442
0.060545444,0.07942867,0.24044442
0.060545444,0.07942867,0.24044442
0.060545444,0.07942867,0.19599986
0.060545444,0.07942867,0.19599986
0.060545444,0.07942867,0.1973331
0.060545444,0.07942867,0.19866681
0.060545444,0.07942867,0.20000005
0.060545444,0.07942867,0.20000005
0.060545444,0.07942867,0.20000005
0.060545444,0.07942867,0.20000005
0.060545444,0.07942867,0.20000005
0.060545444,0.07942867,0.20000005
0.060545444,0.07942867,0.20000005
0.060545444,0.07942867,0.20000005
0.0758183,0.09523821,0.27377772
0.0758183,0.09523821,0.27377772
0.0758183,0.09523821,0.27377772
0.060545444,0.09523821,0.3111112
0.060545444,0.089968204,0.27407432
0.060545444,0.08469844,0.23703694
0.060545444,0.07942867,0.20000005
0.060545444,0.07942867,0.20000005
0.060545444,0.07942867,0.20000005
0.060545444,0.07942867,0.20000005
0.060545444,0.07942867,0.20000005
0.060545444,0.07942867,0.20000005
0.060545444,0.07942867,0.20000005
0.060545444,0.07942867,0.20000005
0.060545444,0.07942867,0.19599986
0.0758183,0.07942867,0.19599986
0.0758183,0.07942867,0.19599986
0.0758183,0.07942867,0.19599986
0.07072735,0.07942867,0.1973331
0.0656364,0.07942867,0.19866681
0.060545444,0.07942867,0.20000005
0.060545444,0.07942867,0.19599986
0.0758183,0.07942867,0.19599986
0.0758183,0.07942867,0.19599986
0.0758183,0.07942867,0.19599986
0.07072735,0.07942867,0.1973331
0.0656364,0.07942867,0.19866681
0.060545444,0.07942867,0.20000005
0.060545444,0.07942867,0.20000005
0.0758183,0.07942867,0.19599986
0.0758183,0.07942867,0.19599986
0.0758183,0.07942867,0.19599986
0.07072735,0.07942867,0.1973331
0.0656364,0.07942867,0.19866681
0.060545444,0.07942867,0.20000005
0.060545444,0.07942867,0.20000005
0.0758183,0.07942867,0.19599986
0.0758183,0.07942867,0.19599986
0.0758183,0.07942867,0.19599986
0.07072735,0.08469844,0.19599986
0.0656364,0.089968204,0.19599986
0.060545444,0.09523821,0.19599986
0.060545444,0.09523821,0.19599986
0.060545444,0.09523821,0.19599986
0.060545444,0.09523821,0.19599986
0.060545444,0.09523821,0.19599986
0.0656364,0.100507975,0.22074103
0.07072735,0.10577774,0.24548125
0.0758183,0.111047745,0.27022243
0.0758183,0.111047745,0.27022243
0.0758183,0.111047745,0.27022243
0.0758183,0.111047745,0.27022243
0.0758183,0.111047745,0.27022243
0.0758183,0.111047745,0.27022243
0.0758183,0.111047745,0.27022243
0.0758183,0.111047745,0.27022243
0.090909004,0.111047745,0.27022243
0.090909004,0.111047745,0.27022243
0.090909004,0.111047745,0.27022243
0.090909004,0.111047745,0.27022243
0.08587885,0.111047745,0.27022243
0.080848694,0.111047745,0.27022243
0.0758183,0.111047745,0.27022243
0.0758183,0.111047745,0.27022243
0.0758183,0.111047745,0.27022243
0.0758183,0.111047745,0.27022243
0.0758183,0.111047745,0.27022243
0.080848694,0.111047745,0.27022243
0.08587885,0.111047745,0.27022243
0.090909004,0.111047745,0.27022243
0.090909004,0.111047745,0.27022243
0.090909004,0.111047745,0.27022243
0.090909004,0.111047745,0.27022243
0.090909004,0.111047745,0.27022243
0.090909004,0.111047745,0.27022243
0.090909004,0.111047745,0.27022243
0.090909004,0.111047745,0.27022243
0.090909004,0.111047745,0.27022243
0.090909004,0.111047745,0.27022243
0.090909004,0.111047745,0.27022243
0.090909004,0.111047745,0.27022243
0.090909004,0.111047745,0.27022243
0.090909004,0.111047745,0.27022243
0.090909004,0.111047745,0.27022243
0.090909004,0.111047745,0.27022243
0.090909004,0.111047745,0.27022243
0.090909004,0.111047745,0.27022243
0.090909004,0.10476184,0.27022243
0.090909004,0.10685706,0.27022243
0.090909004,0.10895252,0.27022243
0.090909004,0.111047745,0.27022243
0.090909004,0.111047745,0.27022243
0.090909004,0.111047745,0.27022243
0.090909004,0.111047745,0.27022243
0.090909004,0.111047745,0.27022243
0.090909004,0.111047745,0.27022243
0.090909004,0.111047745,0.27022243
0.090909004,0.111047745,0.27022243
0.090909004,0.111047745,0.27022243
0.090909004,0.111047745,0.27022243
0.090909004,0.111047745,0.27022243
0.090909004,0.111047745,0.27022243
0.090909004,0.111047745,0.27022243
0.090909004,0.111047745,0.27022243
0.090909004,0.111047745,0.27022243
0.090909004,0.111047745,0.27022243
0.090909004,0.111047745,0.27022243
0.090909004,0.111047745,0.27022243
0.090909004,0.111047745,0.27022243
0.090909004,0.111047745,0.27022243
0.090909004,0.111047745,0.27022243
0.090909004,0.111047745,0.27022243
0.090909004,0.12704754,0.27377772
0.090909004,0.12704754,0.27377772
0.090909004,0.12704754,0.27377772
0.090909004,0.12704754,0.27377772
0.090909004,0.12171435,0.2725923
0.090909004,0.11638093,0.27140737
0.090909004,0.111047745,0.27022243
0.090909004,0.12704754,0.27377772
0.090909004,0.12704754,0.27377772
0.090909004,0.12704754,0.27377772
0.090909004,0.12704754,0.27377772
0.090909004,0.10266662,0.2725923
0.090909004,0.078285694,0.27140737
0.090909004,0.05390477,0.27022243
0.090909004,0.12704754,0.27022243
0.090909004,0.12704754,0.27022243
0.090909004,0.12704754,0.27022243
0.090909004,0.12704754,0.27022243
0.090909004,0.12171435,0.27022243
0.090909004,0.11638093,0.27022243
0.090909004,0.111047745,0.27022243
0.090909004,0.111047745,0.27022243
0.10599995,0.12704754,0.27377772
0.10599995,0.12704754,0.27377772
0.10599995,0.12704754,0.27377772
0.10096955,0.12704754,0.2725923
0.0959394,0.12704754,0.27140737
0.090909004,0.12704754,0.27022243
0.10599995,0.12704754,0.27377772
0.10599995,0.14285707,0.27377772
0.10599995,0.14285707,0.27377772
0.10599995,0.14285707,0.27377772
0.10599995,0.14285707,0.2725923
0.10599995,0.14285707,0.27140737
0.10599995,0.14285707,0.27022243
0.090909004,0.12704754,0.3111112
0.090909004,0.12704754,0.3146665
0.10599995,0.14285707,0.23688865
0.10599995,0.14285707,0.23688865
0.10599995,0.14285707,0.24918532
0.10599995,0.14285707,0.26148152
0.10599995,0.14285707,0.27377772
0.10599995,0.14285707,0.23333335
0.10599995,0.14285707,0.23333335
0.13636374,0.14285707,0.23333335
0.13636374,0.14285707,0.23333335
0.1262424,0.14285707,0.23333335
0.11612129,0.14285707,0.23333335
0.10599995,0.14285707,0.23333335
0.10599995,0.14285707,0.23333335
0.10599995,0.14285707,0.23333335
0.10599995,0.14285707,0.23333335
0.10599995,0.14285707,0.23333335
0.10599995,0.14285707,0.23333335
0.10599995,0.14285707,0.23333335
0.10599995,0.14285707,0.23333335
0.10599995,0.12704754,0.23333335
0.10599995,0.12704754,0.23333335
0.10599995,0.12704754,0.23333335
0.10599995,0.12704754,0.23333335
0.10599995,0.13231754,0.23333335
0.10599995,0.13758731,0.23333335
0.10599995,0.14285707,0.23333335
0.10599995,0.12704754,0.23333335
0.1212728,0.12704754,0.23333335
0.1212728,0.12704754,0.23333335
0.1212728,0.12704754,0.23333335
0.11618185,0.13231754,0.23333335
0.1110909,0.13758731,0.23333335
0.10599995,0.14285707,0.23333335
0.10599995,0.12704754,0.23333335
0.10599995,0.12704754,0.23333335
0.1212728,0.12704754,0.23333335
0.1212728,0.12704754,0.23333335
0.11618185,0.13231754,0.23333335
0.1110909,0.13758731,0.23333335
0.10599995,0.14285707,0.23333335
0.10599995,0.14285707,0.23333335
0.10599995,0.09523821,0.22933316
0.10599995,0.09523821,0.22933316
0.10599995,0.09523821,0.22933316
0.10599995,0.111111164,0.23066688
0.10599995,0.12698412,0.23200011
0.10599995,0.14285707,0.23333335
0.10599995,0.14285707,0.23333335
0.10599995,0.14285707,0.23333335
0.090909004,0.111047745,0.23333335
0.090909004,0.111047745,0.23333335
0.0959394,0.121650934,0.23333335
0.10096955,0.13225389,0.23333335
0.10599995,0.14285707,0.23333335
0.10599995,0.14285707,0.23333335
0.1212728,0.14285707,0.23333335
0.10599995,0.111047745,0.23333335
0.10599995,0.111047745,0.23333335
0.10599995,0.121650934,0.23333335
0.10599995,0.13225389,0.23333335
0.10599995,0.14285707,0.23333335
0.10599995,0.14285707,0.23333335
0.1394546,0.14285707,0.23333335
0.10599995,0.111047745,0.23333335
0.10599995,0.111047745,0.23333335
0.10599995,0.121650934,0.23333335
0.10599995,0.13225389,0.23333335
0.10599995,0.14285707,0.23333335
0.10599995,0.14285707,0.23333335
0.1212728,0.14285707,0.23333335
0.10599995,0.111047745,0.23333335
0.10599995,0.111047745,0.23333335
0.1110909,0.111047745,0.23333335
0.11618185,0.111047745,0.23333335
0.1212728,0.111047745,0.23333335
0.1212728,0.14285707,0.23333335
0.1212728,0.14285707,0.23333335
0.1212728,0.14285707,0.23333335
0.1212728,0.14285707,0.23333335
0.1212728,0.14812708,0.23333335
0.1212728,0.15339684,0.23333335
0.1212728,0.15866661,0.23333335
0.1212728,0.14285707,0.23333335
0.1212728,0.14285707,0.23333335
0.1212728,0.14285707,0.23333335
0.13636374,0.15866661,0.23333335
0.13636374,0.15866661,0.23333335
0.13636374,0.15866661,0.23333335
0.13636374,0.15866661,0.23333335
0.13636374,0.15866661,0.23333335
0.13636374,0.15866661,0.23333335
0.13636374,0.15866661,0.23333335
0.13636374,0.15866661,0.23333335
0.13636374,0.16400003,0.23333335
0.13636374,0.16933346,0.23333335
0.13636374,0.17466664,0.23333335
0.13636374,0.15866661,0.23333335
0.13636374,0.15866661,0.23333335
0.18181825,0.15866661,0.23333335
0.19690919,0.19047618,0.23333335
0.19690919,0.17987299,0.23333335
0.19690919,0.16927004,0.23333335
0.19690919,0.15866661,0.23333335
0.19690919,0.15866661,0.23333335
0.19690919,0.19047618,0.23333335
0.19690919,0.19047618,0.23333335
0.19690919,0.19047618,0.23333335
0.19690919,0.17987299,0.23333335
0.19690919,0.16927004,0.23333335
0.19690919,0.15866661,0.23333335
0.19690919,0.15866661,0.23333335
0.19690919,0.20628572,0.23333335
0.19690919,0.20628572,0.23333335
0.19690919,0.20628572,0.23333335
0.19690919,0.20628572,0.23333335
0.19690919,0.20628572,0.23333335
0.19690919,0.20628572,0.23333335
0.19690919,0.20628572,0.23333335
0.19690919,0.20628572,0.23333335
0.2121818,0.23809528,0.23333335
0.2121818,0.23809528,0.23333335
0.2121818,0.23809528,0.23333335
0.2121818,0.23809528,0.23333335
0.2121818,0.23809528,0.23333335
0.2121818,0.23809528,0.23333335
0.2121818,0.23809528,0.23333335
0.2121818,0.23809528,0.23333335
0.2121818,0.23809528,0.23333335
0.2172122,0.23809528,0.23333335
0.22224236,0.23809528,0.23333335
0.22727275,0.23809528,0.23333335
0.24236369,0.23809528,0.23333335
0.24236369,0.26990485,0.45911098
0.2576363,0.31752396,0.45911098
0.2576363,0.31752396,0.45911098
0.2475152,0.29104757,0.38385177
0.2373941,0.26457143,0.30859256
0.22727275,0.23809528,0.23333335
0.2576363,0.2857144,0.23333335
0.2576363,0.2857144,0.23333335
0.2576363,0.2857144,0.23333335
0.2576363,0.2857144,0.22933316
0.2626667,0.29098415,0.22770333
0.26769686,0.29625392,0.22607398
0.27272725,0.30152392,0.22444463
0.27272725,0.30152392,0.22444463
0.27272725,0.30152392,0.22444463
0.27272725,0.30152392,0.22933316
0.29090905,0.31428576,0.22933316
0.28484845,0.3100319,0.22933316
0.27878785,0.3057778,0.22933316
0.27272725,0.30152392,0.22933316
0.27272725,0.30152392,0.22933316
0.2878182,0.30152392,0.22933316
0.30309105,0.30152392,0.22933316
0.30309105,0.31752396,0.22933316
0.30309105,0.31752396,0.22933316
0.30309105,0.31752396,0.22933316
0.30309105,0.31752396,0.22933316
0.30309105,0.3967619,0.7222221
0.30309105,0.3967619,0.7222221
0.30309105,0.31752396,0.42222238
0.30309105,0.31752396,0.42222238
0.30309105,0.31752396,0.3592589
0.30309105,0.31752396,0.29629636
0.30309105,0.31752396,0.23333335
0.30309105,0.31752396,0.23333335
0.2878182,0.31752396,0.23333335
0.31818175,0.3491428,0.23333335
0.31818175,0.3491428,0.23333335
0.3131516,0.33860326,0.23333335
0.3081212,0.3280635,0.23333335
0.30309105,0.31752396,0.23333335
0.30309105,0.31752396,0.23333335
0.2878182,0.31752396,0.23333335
0.31818175,0.3491428,0.23333335
0.31818175,0.3491428,0.23333335
0.3131516,0.33860326,0.23333335
0.3081212,0.3280635,0.23333335
0.30309105,0.31752396,0.23333335
0.2878182,0.30152392,0.25911117
0.2878182,0.30152392,0.25911117
0.2878182,0.30152392,0.25911117
0.2878182,0.30152392,0.25911117
0.29290915,0.3068571,0.25911117
0.2980001,0.31219053,0.25911117
0.30309105,0.31752396,0.25911117
0.3332727,0.3491428,0.25911117
0.3332727,0.3491428,0.25911117
0.3332727,0.3491428,0.25911117
0.3332727,0.3491428,0.25911117
0.3332727,0.3491428,0.25911117
0.3332727,0.3491428,0.25911117
0.3332727,0.3491428,0.25911117
0.3332727,0.3491428,0.25911117
0.3332727,0.3491428,0.25911117
0.3332727,0.3491428,0.25911117
0.3332727,0.3491428,0.25911117
0.3332727,0.3491428,0.25911117
0.3332727,0.3491428,0.25911117
0.3332727,0.3491428,0.25911117
0.3332727,0.3491428,0.25911117
0.3332727,0.3491428,0.25911117
0.409091,0.444381,0.23333335
0.409091,0.42857146,0.23333335
0.4040606,0.42330146,0.24192595
0.39903045,0.41803193,0.25051856
0.39400005,0.41276193,0.25911117
0.39400005,0.41276193,0.25911117
0.39400005,0.41276193,0.25911117
0.39400005,0.41276193,0.23333335
0.39400005,0.41276193,0.23333335
0.39400005,0.41276193,0.23333335
0.39400005,0.41276193,0.23333335
0.39400005,0.41276193,0.23333335
0.39400005,0.41276193,0.23333335
0.39400005,0.41276193,0.23333335
0.42418194,0.41276193,0.23333335
0.42418194,0.41276193,0.23333335
0.42418194,0.41276193,0.23333335
0.42418194,0.41276193,0.23333335
0.42418194,0.41276193,0.23333335
0.42418194,0.41276193,0.23333335
0.42418194,0.41276193,0.23333335
0.42418194,0.41276193,0.23333335
0.42418194,0.41276193,0.23333335
0.42418194,0.41276193,0.23333335
0.42418194,0.41276193,0.23333335
0.42418194,0.41276193,0.23333335
0.42418194,0.41276193,0.23333335
0.42418194,0.41276193,0.23333335
0.4545455,0.444381,0.23333335
0.4545455,0.42857146,0.23333335
0.44442415,0.42330146,0.23333335
0.43430305,0.41803193,0.23333335
0.42418194,0.41276193,0.23333335
0.42418194,0.41276193,0.23333335
0.42418194,0.41276193,0.23333335
0.42418194,0.41276193,0.23333335
0.42418194,0.41276193,0.23333335
0.42418194,0.41276193,0.23333335
0.42418194,0.41276193,0.23333335
0.42418194,0.41276193,0.23333335
0.42418194,0.41276193,0.23333335
0.42418194,0.41276193,0.23333335
0.42418194,0.41276193,0.23333335
0.42418194,0.41276193,0.23333335
0.42418194,0.41276193,0.23333335
0.42418194,0.41276193,0.23333335
0.42418194,0.41276193,0.23333335
0.42418194,0.41276193,0.23333335
0.42418194,0.41276193,0.23333335
0.42418194,0.41276193,0.23333335
0.42418194,0.41276193,0.23333335
0.42418194,0.40215874,0.23333335
0.42418194,0.39155555,0.23333335
0.42418194,0.38095236,0.23333335
0.39400005,0.38095236,0.23333335
0.39400005,0.38095236,0.23333335
0.39400005,0.38095236,0.23333335
0.39400005,0.38095236,0.23333335
0.39400005,0.38095236,0.23333335
0.39400005,0.38095236,0.23333335
0.39400005,0.38095236,0.23333335
0.39400005,0.38095236,0.23333335
0.39400005,0.38095236,0.23333335
0.39400005,0.38095236,0.23333335
0.39400005,0.38095236,0.23333335
0.3687272,0.37034917,0.23333335
0.3434546,0.35974622,0.23333335
0.31818175,0.3491428,0.23333335
0.31818175,0.3491428,0.23333335
0.31818175,0.3491428,0.23333335
0.31818175,0.3491428,0.23333335
0.31818175,0.3491428,0.23333335
0.31818175,0.3491428,0.23333335
0.31818175,0.3491428,0.23333335
0.31818175,0.3491428,0.23333335
0.31818175,0.3491428,0.23333335
0.31818175,0.3491428,0.23333335
0.31818175,0.3491428,0.23333335
0.31818175,0.3491428,0.23333335
0.31818175,0.3491428,0.23333335
0.31818175,0.3491428,0.23333335
0.31818175,0.3491428,0.23333335
0.31818175,0.3491428,0.23333335
0.31818175,0.3491428,0.23333335
0.31818175,0.3491428,0.23333335
0.31818175,0.3491428,0.23333335
0.31818175,0.3491428,0.23333335
0.31818175,0.3491428,0.23333335
0.31818175,0.3491428,0.23333335
0.31818175,0.3491428,0.23333335
0.31818175,0.3491428,0.23333335
0.31818175,0.3491428,0.23333335
0.31818175,0.3491428,0.23333335
0.31818175,0.33860326,0.23333335
0.31818175,0.3280635,0.23333335
0.31818175,0.31752396,0.23333335
0.31818175,0.26990485,0.23333335
0.31818175,0.26990485,0.23333335
0.31818175,0.26990485,0.23333335
0.31818175,0.26990485,0.23333335
0.31818175,0.26990485,0.23333335
0.31818175,0.26990485,0.23333335
0.31818175,0.26990485,0.23333335
0.31818175,0.26990485,0.23333335
0.31818175,0.26990485,0.23333335
0.31818175,0.26990485,0.23333335
0.31818175,0.26990485,0.23333335
0.31818175,0.26990485,0.23333335
0.31818175,0.26990485,0.23333335
0.31818175,0.26990485,0.23333335
0.31818175,0.26990485,0.23333335
0.31818175,0.26990485,0.23333335
0.31818175,0.26990485,0.23333335
0.31818175,0.26990485,0.23333335
0.31818175,0.26990485,0.23333335
0.31818175,0.26990485,0.23333335
0.31818175,0.26990485,0.23333335
0.31818175,0.26990485,0.23333335
0.31818175,0.26990485,0.23333335
0.31818175,0.26990485,0.23333335
0.31818175,0.26990485,0.23333335
0.31818175,0.26990485,0.23333335
0.31818175,0.26990485,0.23333335
0.31818175,0.26990485,0.23333335
0.31818175,0.26990485,0.23333335
0.31818175,0.26990485,0.23333335
0.31818175,0.26990485,0.23333335
0.31818175,0.26990485,0.23333335
0.31818175,0.26990485,0.23333335
0.31818175,0.26990485,0.23333335
0.31818175,0.26990485,0.23333335
0.31818175,0.26990485,0.23333335
0.31818175,0.26990485,0.23333335
0.31818175,0.26990485,0.23333335
0.31818175,0.26990485,0.23333335
0.31818175,0.26990485,0.23333335
0.31818175,0.26990485,0.23333335
0.31818175,0.26990485,0.23333335
0.31818175,0.26990485,0.23333335
0.31818175,0.26990485,0.23333335
0.31818175,0.26990485,0.23333335
0.3332727,0.26990485,0.23333335
0.33836365,0.27517462,0.23333335
0.3434546,0.28044438,0.23333335
0.34854555,0.2857144,0.23333335
0.34854555,0.2857144,0.23333335
0.34854555,0.2857144,0.23333335
0.34854555,0.2857144,0.23333335
0.34854555,0.2857144,0.23333335
0.36369705,0.29098415,0.23333335
0.37884855,0.29625392,0.23333335
0.39400005,0.30152392,0.23333335
0.42418194,0.33333325,0.23333335
0.48436356,0.33333325,0.23333335
0.46963644,0.36514282,0.23333335
0.46963644,0.36514282,0.23333335
0.46963644,0.35980964,0.30488896
0.46963644,0.3544762,0.37644458
0.46963644,0.3491428,0.4480002
0.5454545,0.46038103,0.7702224
0.5454545,0.46038103,0.7702224
0.5454545,0.46038103,0.7702224
0.5454545,0.46038103,0.7702224
0.5404241,0.42863488,0.6986668
0.53539395,0.39688897,0.6271112
0.53036356,0.36514282,0.5555556
0.5758183,0.444381,0.66266656
0.60599995,0.47619057,0.8813331
0.590909,0.50800014,0.8813331
0.590909,0.5238097,0.8813331
0.58587885,0.4973333,0.809778
0.58084846,0.47085714,0.73822236
0.5758183,0.444381,0.66666675
0.5454545,0.42857146,0.66666675
0.60599995,0.4920001,0.8813331
0.60599995,0.50800014,0.8813331
0.60599995,0.50800014,0.8813331
0.60599995,0.50800014,0.8813331
0.60599995,0.50800014,0.8813331
0.60599995,0.50800014,0.8813331
0.6212728,0.50800014,0.8813331
0.6212728,0.50800014,0.8813331
0.6212728,0.50800014,0.8813331
0.60599995,0.50800014,0.8813331
0.60599995,0.50800014,0.8813331
0.60599995,0.50800014,0.8813331
0.60599995,0.50800014,0.8813331
0.5758183,0.5238097,0.8813331
0.5758183,0.5238097,0.8813331
0.5758183,0.5238097,0.8813331
0.5758183,0.5238097,0.8813331
0.58890915,0.5449524,0.8813331
0.602,0.56609535,0.8813331
0.61509085,0.5872381,0.8813331
0.61509085,0.5872381,0.8813331
0.56054544,0.6348572,0.8813331
0.56054544,0.6348572,0.8813331
0.53036356,0.5872381,0.8813331
0.53036356,0.5872381,0.8813331
0.53036356,0.5872381,0.8813331
0.53036356,0.5872381,0.8813331
0.53036356,0.5872381,0.8813331
0.5454545,0.5872381,0.8813331
0.56054544,0.6032381,0.8813331
0.56054544,0.6032381,0.8813331
0.5706668,0.61911106,0.8813331
0.5807879,0.63498425,0.8813331
0.590909,0.6508572,0.8813331
0.590909,0.6508572,0.8813331
0.590909,0.6508572,0.8813331
0.590909,0.6508572,0.8813331
0.590909,0.6508572,0.8813331
0.6060605,0.66139674,0.8813331
0.62121224,0.6719365,0.8813331
0.63636374,0.6824763,0.8813331
0.63636374,0.6824763,0.8813331
0.63636374,0.6824763,0.8813331
0.63636374,0.6824763,0.8813331
0.6667273,0.71428585,0.8813331
0.64145446,0.6931429,0.8813331
0.61618185,0.67199993,0.8813331
0.590909,0.6508572,0.8813331
0.60599995,0.6824763,0.8813331
0.60599995,0.6824763,0.8813331
0.60599995,0.6824763,0.8813331
0.63636374,0.71428585,0.8813331
0.6262424,0.6984129,0.8813331
0.6161213,0.6825397,0.8813331
0.60599995,0.66666675,0.8813331
0.65145445,0.6984763,0.8813331
0.65145445,0.6984763,0.8813331
0.65145445,0.6984763,0.8813331
0.65145445,0.6984763,0.8813331
0.6413939,0.6931429,0.8813331
0.63133335,0.68780947,0.8813331
0.6212728,0.6824763,0.8813331
0.6667273,0.73009515,0.8813331
0.6667273,0.73009515,0.8813331
0.6667273,0.73009515,0.8813331
0.6667273,0.73009515,0.8813331
0.67678785,0.73009515,0.89614797
0.68684864,0.73009515,0.9109633
0.6969092,0.73009515,0.9257777
0.6969092,0.73009515,0.9257777
0.6969092,0.73009515,0.9257777
0.6969092,0.73009515,0.9257777
0.6969092,0.73009515,0.9257777
0.6969092,0.7089524,0.92088866
0.6969092,0.68780947,0.9160001
0.6969092,0.66666675,0.9111111
0.72727275,0.73009515,0.9111111
0.72727275,0.73009515,0.9111111
0.72727275,0.73009515,0.9111111
0.72727275,0.73009515,0.9111111
0.7171514,0.73009515,0.9111111
0.7070303,0.73009515,0.9111111
0.6969092,0.73009515,0.9111111
0.6969092,0.73009515,0.9111111
0.6969092,0.73009515,0.9111111
0.6969092,0.73009515,0.9111111
0.6969092,0.73009515,0.9111111
0.6767273,0.7089524,0.9111111
0.6565454,0.68780947,0.9111111
0.63636374,0.66666675,0.9111111
0.6667273,0.6984763,0.9111111
0.6667273,0.6984763,0.9111111
0.6667273,0.6984763,0.9111111
0.6667273,0.6984763,0.9111111
0.6667273,0.6984763,0.9111111
0.6667273,0.6984763,0.9111111
0.6667273,0.6984763,0.9111111
0.6667273,0.6984763,0.9111111
0.6667273,0.6984763,0.9111111
0.6667273,0.6984763,0.9111111
0.6667273,0.6984763,0.9111111
0.6667273,0.6984763,0.9160001
0.6667273,0.6984763,0.92088866
0.6667273,0.6984763,0.9257777
0.6667273,0.6984763,0.9257777
0.6667273,0.6984763,0.9257777
0.6667273,0.6984763,0.9257777
0.6667273,0.6984763,0.9257777
0.6667273,0.6984763,0.9257777
0.6667273,0.6984763,0.9257777
0.6667273,0.6984763,0.9257777
0.6667273,0.6984763,0.9257777
0.6667273,0.6984763,0.9257777
0.6667273,0.6984763,0.9257777
0.6667273,0.6984763,0.9257777
0.67678785,0.6984763,0.9257777
0.68684864,0.6984763,0.9257777
0.6969092,0.6984763,0.9257777
0.6969092,0.6984763,0.9257777
0.72727275,0.6984763,0.9257777
0.72727275,0.6984763,0.9257777
0.72727275,0.6984763,0.9257777
0.73230314,0.71434927,0.9257777
0.7373333,0.7302222,0.9257777
0.7423637,0.7460952,0.9257777
0.7423637,0.77771425,0.9257777
0.77272725,0.8095238,0.9257777
0.77272725,0.8095238,0.9257777
0.77272725,0.8095238,0.9257777
0.7980001,0.84126997,0.9257777
0.8232727,0.8730159,0.9257777
0.84854555,0.904762,0.9257777
0.84854555,0.904762,0.9257777
0.84854555,0.904762,0.9257777
0.84854555,0.904762,0.9257777
0.84854555,0.904762,0.9257777
0.87884855,0.9153652,0.9257777
0.90915155,0.92596817,0.9257777
0.93945456,0.93657136,0.9257777
0.93945456,0.93657136,0.9257777
0.93945456,0.93657136,0.9257777
0.93945456,0.96819043,0.9257777
0.93945456,0.96819043,0.9257777
0.95963645,0.9787936,0.95051885
0.9798181,0.9893968,0.97525907
1.0,1.0,1.0000002
1.0,1.0,1.0000002
1.0,1.0,1.0000002
1.0,1.0,1.0000002
1.0,1.0,1.0000002
1.0,1.0,1.0000002
1.0,1.0,1.0000002
1.0,1.0,1.0000002
1.0,1.0,1.0000002
1.0,1.0,1.0000002
1.0,1.0,1.0000002
1.0,1.0,1.0000002
0.9898789,1.0,1.0000002
0.97975755,1.0,1.0000002
0.96963644,1.0,1.0000002
0.96963644,1.0,1.0000002
0.96963644,1.0,1.0000002
0.96963644,0.904762,1.0000002
0.96963644,0.904762,1.0000002
0.95957565,0.904762,1.0000002
0.94951534,0.904762,1.0000002
0.93945456,0.904762,1.0000002
0.93945456,0.904762,1.0000002
0.93945456,0.904762,1.0000002
0.93945456,0.904762,1.0000002
0.93945456,0.904762,1.0000002
0.90915155,0.88361907,0.97525907
0.87884855,0.8624761,0.95051885
0.84854555,0.8413334,0.9257777
0.84854555,0.8413334,0.9257777
0.84854555,0.8413334,0.9257777
0.8787272,0.8413334,0.9257777
0.8787272,0.8413334,0.9257777
0.85854554,0.8307302,0.9257777
0.83836365,0.820127,0.9257777
0.81818175,0.8095238,0.9257777
0.81818175,0.8095238,0.9257777
0.81818175,0.8095238,0.9257777
0.81818175,0.8095238,0.9257777
0.81818175,0.8095238,0.9257777
0.81818175,0.8095238,0.9257777
0.81818175,0.8095238,0.9257777
0.81818175,0.8095238,0.9257777
0.81818175,0.8095238,0.9257777
0.81818175,0.8095238,0.9257777
0.84854555,0.8095238,0.9257777
0.84854555,0.8095238,0.9257777
0.84854555,0.79892063,0.9257777
0.84854555,0.78831744,0.9257777
0.84854555,0.77771425,0.9257777
0.84854555,0.77771425,0.9257777
0.84854555,0.77771425,0.9257777
0.84854555,0.77771425,0.9257777
0.84854555,0.77771425,0.9257777
0.84854555,0.77771425,0.9257777
0.84854555,0.77771425,0.9257777
0.84854555,0.77771425,0.9257777
0.84854555,0.77771425,0.9257777
0.84854555,0.77771425,0.9257777
0.84854555,0.77771425,0.9257777
0.84854555,0.77771425,0.9257777
0.8283031,0.77771425,0.9257777
0.80806065,0.77771425,0.9257777
0.7878182,0.77771425,0.9257777
0.7878182,0.77771425,0.9257777
0.81818175,0.77771425,0.9257777
0.8787272,0.8095238,0.9257777
0.8787272,0.8095238,0.9257777
0.86866665,0.820127,0.9257777
0.8586061,0.8307302,0.9257777
0.84854555,0.8413334,0.9257777
0.84854555,0.8413334,0.9257777
0.84854555,0.8413334,0.9257777
0.84854555,0.8413334,0.9257777
0.84854555,0.8413334,0.9257777
0.7980001,0.7989843,0.9257777
0.74745464,0.75663495,0.9257777
0.6969092,0.71428585,0.9257777
0.6969092,0.71428585,0.9257777
